sp|P34111|TFC3_YEAST	jgi|Issorie2|323395|gm1.657_g	22.462
sp|P34111|TFC3_YEAST	jgi|Issorie2|323395|gm1.657_g	21.951
sp|P32471|EF1B_YEAST	jgi|Issorie2|303115|fgenesh1_kg.1_#_371_#_TRINITY_DN1084_c1_g1_i1	71.287
sp|P10962|MAK16_YEAST	jgi|Issorie2|305629|fgenesh1_kg.3_#_500_#_TRINITY_DN1221_c0_g2_i1	54.140
sp|P28004|PRP45_YEAST	jgi|Issorie2|161445|CE161444_11290	26.220
sp|P28005|POP5_YEAST	jgi|Issorie2|305193|fgenesh1_kg.3_#_64_#_TRINITY_DN1587_c5_g1_i1	35.915
sp|P00549|KPYK1_YEAST	jgi|Issorie2|305760|fgenesh1_kg.3_#_631_#_TRINITY_DN782_c5_g1_i1	73.896
sp|P11433|CDC24_YEAST	jgi|Issorie2|249326|e_gw1.2.1062.1	36.874
sp|P11433|CDC24_YEAST	jgi|Issorie2|249326|e_gw1.2.1062.1	26.378
sp|Q01329|PTA1_YEAST	jgi|Issorie2|264808|estExt_Genewise1.C_1_t10292	29.975
sp|Q01329|PTA1_YEAST	jgi|Issorie2|264808|estExt_Genewise1.C_1_t10292	25.911
sp|P22336|RFA1_YEAST	jgi|Issorie2|285194|estExt_Genewise1Plus.C_3_t10063	40.065
sp|P39707|SEN34_YEAST	jgi|Issorie2|160819|CE160818_14646	30.581
sp|P27636|CDC15_YEAST	jgi|Issorie2|333513|fgenesh1_pm.3_#_336	38.028
sp|P04912|H2A2_YEAST	jgi|Issorie2|333374|fgenesh1_pm.3_#_197	93.277
sp|P35194|UTP20_YEAST	jgi|Issorie2|29572|CE29571_3865	35.549
sp|P32786|RRN6_YEAST	jgi|Issorie2|25840|CE25839_7342	20.462
sp|P38206|RFT1_YEAST	jgi|Issorie2|317892|fgenesh1_pg.7_#_311	30.909
sp|Q06675|CENPO_YEAST	jgi|Issorie2|322795|gm1.57_g	35.862
sp|P38203|LSM2_YEAST	jgi|Issorie2|159376|CE159375_4953	65.591
sp|P18239|ADT2_YEAST	jgi|Issorie2|304300|fgenesh1_kg.2_#_370_#_TRINITY_DN1393_c1_g3_i1	83.389
sp|P38198|STU1_YEAST	jgi|Issorie2|314245|fgenesh1_pg.2_#_43	25.046
sp|P38121|DPOA2_YEAST	jgi|Issorie2|307779|fgenesh1_kg.7_#_155_#_TRINITY_DN1451_c1_g1_i1	39.848
sp|P38121|DPOA2_YEAST	jgi|Issorie2|307779|fgenesh1_kg.7_#_155_#_TRINITY_DN1451_c1_g1_i1	32.877
sp|P18414|ERD2_YEAST	jgi|Issorie2|334392|fgenesh1_pm.7_#_17	46.667
sp|P23724|PSB6_YEAST	jgi|Issorie2|350257|MIX4793_15277_54	71.308
sp|P32602|SEC17_YEAST	jgi|Issorie2|178858|CE178857_18526	46.441
sp|P09436|SYIC_YEAST	jgi|Issorie2|304975|fgenesh1_kg.2_#_1045_#_TRINITY_DN784_c0_g1_i2	70.841
sp|P38042|CDC27_YEAST	jgi|Issorie2|332160|fgenesh1_pm.1_#_197	33.609
sp|P38061|RL32_YEAST	jgi|Issorie2|166841|CE166840_83629	77.692
sp|P38170|CND2_YEAST	jgi|Issorie2|19628|CE19627_9303	24.019
sp|P38166|SFT2_YEAST	jgi|Issorie2|315000|fgenesh1_pg.2_#_798	42.157
sp|P24583|KPC1_YEAST	jgi|Issorie2|248351|e_gw1.1.1286.1	45.793
sp|P24583|KPC1_YEAST	jgi|Issorie2|248351|e_gw1.1.1286.1	64.242
sp|P35196|RER2_YEAST	jgi|Issorie2|317826|fgenesh1_pg.7_#_245	39.111
sp|P02309|H4_YEAST	jgi|Issorie2|304162|fgenesh1_kg.2_#_232_#_TRINITY_DN1127_c1_g1_i1	96.117
sp|P00817|IPYR_YEAST	jgi|Issorie2|303179|fgenesh1_kg.1_#_435_#_TRINITY_DN1454_c1_g3_i1	76.573
sp|P38072|SCO2_YEAST	jgi|Issorie2|357756|estExt_fgenesh1_pg.C_2_t10180	47.973
sp|P38221|CDS1_YEAST	jgi|Issorie2|31279|CE31278_9624	50.569
sp|P14180|CHS2_YEAST	jgi|Issorie2|303603|fgenesh1_kg.1_#_859_#_TRINITY_DN1046_c0_g2_i1	50.784
sp|P21538|REB1_YEAST	jgi|Issorie2|241296|gw1.3.1054.1	50.000
sp|P21538|REB1_YEAST	jgi|Issorie2|241296|gw1.3.1054.1	56.604
sp|P19735|PRP6_YEAST	jgi|Issorie2|169480|CE169479_8252	28.821
sp|P32833|ORC2_YEAST	jgi|Issorie2|247824|e_gw1.1.1042.1	33.750
sp|P38242|ALG14_YEAST	jgi|Issorie2|204741|CE204740_3979	29.437
sp|P38249|EIF3A_YEAST	jgi|Issorie2|303647|fgenesh1_kg.1_#_903_#_TRINITY_DN1074_c0_g1_i1	28.887
sp|P18759|SEC18_YEAST	jgi|Issorie2|194769|CE194768_27421	56.971
sp|P38251|RFC5_YEAST	jgi|Issorie2|250577|e_gw1.2.1634.1	47.668
sp|P15873|PCNA_YEAST	jgi|Issorie2|106441|CE106440_9765	59.073
sp|P38261|EXO84_YEAST	jgi|Issorie2|152638|CE152637_12342	26.809
sp|P06787|CALM_YEAST	jgi|Issorie2|327462|gm1.4724_g	61.871
sp|P53954|ALG11_YEAST	jgi|Issorie2|314973|fgenesh1_pg.2_#_771	37.474
sp|P38088|SYG_YEAST	jgi|Issorie2|247625|e_gw1.1.1245.1	70.216
sp|P32367|TFC1_YEAST	jgi|Issorie2|28936|CE28935_16604	25.714
sp|P20486|CKS1_YEAST	jgi|Issorie2|305393|fgenesh1_kg.3_#_264_#_TRINITY_DN1093_c0_g2_i1	73.684
sp|P38111|ATR_YEAST	jgi|Issorie2|305392|fgenesh1_kg.3_#_263_#_TRINITY_DN1152_c0_g2_i1	27.052
sp|P18963|IRA1_YEAST	jgi|Issorie2|245680|gw1.3.1393.1	24.171
sp|P38112|MAK5_YEAST	jgi|Issorie2|325435|gm1.2697_g	43.624
sp|P38112|MAK5_YEAST	jgi|Issorie2|325435|gm1.2697_g	47.321
sp|P12385|ERF1_YEAST	jgi|Issorie2|305584|fgenesh1_kg.3_#_455_#_TRINITY_DN1539_c0_g1_i1	41.438
sp|P12385|ERF1_YEAST	jgi|Issorie2|305584|fgenesh1_kg.3_#_455_#_TRINITY_DN1539_c0_g1_i1	63.636
sp|P33312|RIB7_YEAST	jgi|Issorie2|360275|estExt_fgenesh1_pg.C_5_t20006	45.041
sp|P20434|RPAB1_YEAST	jgi|Issorie2|307097|fgenesh1_kg.5_#_513_#_TRINITY_DN676_c0_g1_i1	69.014
sp|P33313|CNS1_YEAST	jgi|Issorie2|34514|CE34513_10024	50.000
sp|P38285|AMN1_YEAST	jgi|Issorie2|89305|CE89304_9640	34.430
sp|P00546|CDK1_YEAST	jgi|Issorie2|333836|fgenesh1_pm.4_#_225	70.629
sp|P38291|POP7_YEAST	jgi|Issorie2|106719|CE106718_2351	30.675
sp|P38304|MED8_YEAST	jgi|Issorie2|304064|fgenesh1_kg.2_#_134_#_TRINITY_DN1330_c3_g2_i1	43.269
sp|P12709|G6PI_YEAST	jgi|Issorie2|302808|fgenesh1_kg.1_#_64_#_TRINITY_DN531_c0_g1_i1	77.306
sp|P38129|TAF5_YEAST	jgi|Issorie2|248667|e_gw1.1.768.1	42.535
sp|P38132|MCM7_YEAST	jgi|Issorie2|332100|fgenesh1_pm.1_#_137	51.262
sp|P38328|ARPC1_YEAST	jgi|Issorie2|305372|fgenesh1_kg.3_#_243_#_TRINITY_DN986_c0_g3_i1	45.093
sp|P32783|MCES_YEAST	jgi|Issorie2|305179|fgenesh1_kg.3_#_50_#_TRINITY_DN1519_c1_g1_i1	45.659
sp|P21372|PRP5_YEAST	jgi|Issorie2|252384|e_gw1.3.178.1	36.347
sp|P07286|GPT_YEAST	jgi|Issorie2|253799|e_gw1.5.668.1	52.414
sp|P38333|ENP1_YEAST	jgi|Issorie2|88566|CE88565_4076	52.973
sp|P38334|TRS20_YEAST	jgi|Issorie2|251333|e_gw1.3.1144.1	25.434
sp|P38145|RISA_YEAST	jgi|Issorie2|203292|CE203291_35873	61.017
sp|P38336|POP4_YEAST	jgi|Issorie2|15111|CE15110_6668	32.698
sp|P38342|TSC10_YEAST	jgi|Issorie2|323760|gm1.1022_g	34.568
sp|P25578|PGPS1_YEAST	jgi|Issorie2|303305|fgenesh1_kg.1_#_561_#_TRINITY_DN1558_c2_g1_i1	47.917
sp|P25374|NFS1_YEAST	jgi|Issorie2|304812|fgenesh1_kg.2_#_882_#_TRINITY_DN1417_c1_g1_i1	74.940
sp|P25368|RRP7_YEAST	jgi|Issorie2|336155|fgenesh1_pm.24_#_40	32.686
sp|P17967|PDI_YEAST	jgi|Issorie2|140661|CE140660_92283	44.576
sp|P25582|SPB1_YEAST	jgi|Issorie2|305358|fgenesh1_kg.3_#_229_#_TRINITY_DN1469_c0_g1_i1	62.442
sp|P25586|KRR1_YEAST	jgi|Issorie2|146219|CE146218_8172	74.434
sp|P0CY09|HMAL2_YEAST	jgi|Issorie2|31135|CE31134_2312	44.118
sp|P00560|PGK_YEAST	jgi|Issorie2|308035|fgenesh1_kg.7_#_411_#_TRINITY_DN59_c5_g6_i2	74.760
sp|P25359|RRP43_YEAST	jgi|Issorie2|9812|CE9811_7621	31.795
sp|P0CY08|MTAL2_YEAST	jgi|Issorie2|31135|CE31134_2312	44.118
sp|P25632|RSC6_YEAST	jgi|Issorie2|303817|fgenesh1_kg.1_#_1073_#_TRINITY_DN1516_c0_g3_i1	26.201
sp|P25355|CTR86_YEAST	jgi|Issorie2|22502|CE22501_1595	29.658
sp|P25635|PWP2_YEAST	jgi|Issorie2|22447|CE22446_8766	63.964
sp|P25382|NLE1_YEAST	jgi|Issorie2|179280|CE179279_4768	71.068
sp|P25655|NOT1_YEAST	jgi|Issorie2|327108|gm1.4370_g	33.598
sp|P0CY13|HMRA2_YEAST	jgi|Issorie2|31135|CE31134_2312	44.118
sp|Q12158|SCC1_YEAST	jgi|Issorie2|313367|fgenesh1_pg.1_#_344	26.667
sp|Q12165|ATPD_YEAST	jgi|Issorie2|303106|fgenesh1_kg.1_#_362_#_TRINITY_DN1495_c3_g1_i1	60.714
sp|P40327|PRS4_YEAST	jgi|Issorie2|204825|CE204824_72168	83.254
sp|Q12157|APC11_YEAST	jgi|Issorie2|248554|e_gw1.1.1701.1	50.000
sp|P32828|SLX5_YEAST	jgi|Issorie2|313713|fgenesh1_pg.1_#_690	34.532
sp|Q6Q547|NOP10_YEAST	jgi|Issorie2|248474|e_gw1.1.633.1	91.071
sp|Q99190|TECR_YEAST	jgi|Issorie2|9514|CE9513_19237	32.722
sp|P06243|CDC7_YEAST	jgi|Issorie2|303861|fgenesh1_kg.1_#_1117_#_TRINITY_DN992_c0_g2_i1	42.241
sp|P54199|MPS1_YEAST	jgi|Issorie2|253222|e_gw1.4.71.1	41.745
sp|P32381|ARP2_YEAST	jgi|Issorie2|169174|CE169173_44622	82.171
sp|P19736|PRP9_YEAST	jgi|Issorie2|345490|MIX26_3056_84	26.667
sp|Q12389|DBP10_YEAST	jgi|Issorie2|248625|e_gw1.1.719.1	57.936
sp|Q07350|PRP11_YEAST	jgi|Issorie2|201705|CE201704_4104	30.888
sp|P38913|FAD1_YEAST	jgi|Issorie2|15685|CE15684_4925	28.956
sp|P21243|PSA1_YEAST	jgi|Issorie2|159160|CE159159_51642	60.956
sp|Q07381|TSR1_YEAST	jgi|Issorie2|351832|estExt_fgenesh1_pm.C_1_t10020	38.845
sp|Q07381|TSR1_YEAST	jgi|Issorie2|351832|estExt_fgenesh1_pm.C_1_t10020	40.407
sp|P50623|UBC9_YEAST	jgi|Issorie2|331979|fgenesh1_pm.1_#_16	55.921
sp|P07255|COX9_YEAST	jgi|Issorie2|251447|e_gw1.3.755.1	55.172
sp|Q07478|SUB2_YEAST	jgi|Issorie2|307841|fgenesh1_kg.7_#_217_#_TRINITY_DN561_c0_g2_i1	71.910
sp|Q07508|LUC7_YEAST	jgi|Issorie2|180817|CE180816_8609	34.008
sp|P38985|SRP14_YEAST	jgi|Issorie2|90485|CE90484_5795	32.456
sp|Q12377|RPN6_YEAST	jgi|Issorie2|98432|CE98431_34477	47.309
sp|P43123|UAP1_YEAST	jgi|Issorie2|199712|CE199711_25303	51.660
sp|P43124|NSE4_YEAST	jgi|Issorie2|193812|CE193811_10262	27.298
sp|P06242|KIN28_YEAST	jgi|Issorie2|96473|CE96472_7038	68.385
sp|Q12277|RRP42_YEAST	jgi|Issorie2|197660|CE197659_3662	40.925
sp|Q07540|FRDA_YEAST	jgi|Issorie2|143470|CE143469_17861	47.619
sp|P25694|CDC48_YEAST	jgi|Issorie2|101842|CE101841_202138	85.459
sp|Q12018|CDC53_YEAST	jgi|Issorie2|174192|CE174191_8477	38.788
sp|Q12334|SCM3_YEAST	jgi|Issorie2|313525|fgenesh1_pg.1_#_502	42.500
sp|P04050|RPB1_YEAST	jgi|Issorie2|247306|e_gw1.1.2079.1	67.521
sp|P48445|BPL1_YEAST	jgi|Issorie2|248042|e_gw1.1.1877.1	40.395
sp|P39078|TCPD_YEAST	jgi|Issorie2|18355|CE18354_20481	76.938
sp|P53622|COPA_YEAST	jgi|Issorie2|140884|CE140883_31869	54.849
sp|Q12250|RPN5_YEAST	jgi|Issorie2|140826|CE140825_30644	50.113
sp|Q99207|NOP14_YEAST	jgi|Issorie2|305865|fgenesh1_kg.3_#_736_#_TRINITY_DN1477_c2_g1_i1	39.564
sp|P25441|RPC4_YEAST	jgi|Issorie2|17436|CE17435_4188	27.143
sp|Q12136|SAS10_YEAST	jgi|Issorie2|313695|fgenesh1_pg.1_#_672	66.055
sp|P24870|CG23_YEAST	jgi|Issorie2|167474|CE167473_3106	51.634
sp|P41733|CDC91_YEAST	jgi|Issorie2|248577|e_gw1.1.172.1	35.252
sp|P06100|NOT2_YEAST	jgi|Issorie2|333273|fgenesh1_pm.3_#_96	45.550
sp|Q12055|KAD6_YEAST	jgi|Issorie2|139573|CE139572_2790	51.667
sp|Q12063|UPPS_YEAST	jgi|Issorie2|287471|estExt_Genewise1Plus.C_5_t10187	43.369
sp|P38968|SEC31_YEAST	jgi|Issorie2|345611|MIX147_1432_11	32.421
sp|P38968|SEC31_YEAST	jgi|Issorie2|345611|MIX147_1432_11	27.751
sp|P28789|HEM3_YEAST	jgi|Issorie2|333446|fgenesh1_pm.3_#_269	57.187
sp|Q12315|GLE1_YEAST	jgi|Issorie2|336478|fgenesh1_pm.32_#_12	43.220
sp|P32495|NHP2_YEAST	jgi|Issorie2|311974|fgenesh1_kg.32_#_12_#_TRINITY_DN1177_c0_g1_i1	73.649
sp|Q02774|SHR3_YEAST	jgi|Issorie2|941|CE940_14536	31.797
sp|Q12328|TIM22_YEAST	jgi|Issorie2|304016|fgenesh1_kg.2_#_86_#_TRINITY_DN1305_c0_g1_i1	52.821
sp|Q07688|YPD1_YEAST	jgi|Issorie2|314847|fgenesh1_pg.2_#_645	49.351
sp|P41920|YRB1_YEAST	jgi|Issorie2|317087|fgenesh1_pg.5_#_446	67.213
sp|Q12488|PSF1_YEAST	jgi|Issorie2|289271|estExt_Genewise1Plus.C_7_t10442	44.000
sp|Q12099|FAL1_YEAST	jgi|Issorie2|316353|fgenesh1_pg.4_#_213	69.598
sp|P07284|SYSC_YEAST	jgi|Issorie2|306237|fgenesh1_kg.4_#_257_#_TRINITY_DN1198_c1_g2_i1	79.348
sp|P15180|SYKC_YEAST	jgi|Issorie2|308080|fgenesh1_kg.7_#_456_#_TRINITY_DN832_c0_g2_i1	70.968
sp|Q03201|RT10_YEAST	jgi|Issorie2|308073|fgenesh1_kg.7_#_449_#_TRINITY_DN239_c0_g1_i4	48.677
sp|P11353|HEM6_YEAST	jgi|Issorie2|145113|CE145112_70437	63.777
sp|Q04307|RPC10_YEAST	jgi|Issorie2|89103|CE89102_3593	63.717
sp|P32347|DCUP_YEAST	jgi|Issorie2|306272|fgenesh1_kg.4_#_292_#_TRINITY_DN1238_c1_g2_i1	72.981
sp|P00942|TPIS_YEAST	jgi|Issorie2|305192|fgenesh1_kg.3_#_63_#_TRINITY_DN1587_c7_g1_i1	71.486
sp|P32325|DBF4_YEAST	jgi|Issorie2|306774|fgenesh1_kg.5_#_190_#_TRINITY_DN1400_c3_g3_i1	29.487
sp|P32325|DBF4_YEAST	jgi|Issorie2|306774|fgenesh1_kg.5_#_190_#_TRINITY_DN1400_c3_g3_i1	26.038
sp|P14682|UBC3_YEAST	jgi|Issorie2|304935|fgenesh1_kg.2_#_1005_#_TRINITY_DN549_c0_g1_i1	47.093
sp|Q12176|MAK21_YEAST	jgi|Issorie2|263052|e_gw1.35.4.1	44.000
sp|P40970|LCB2_YEAST	jgi|Issorie2|253149|e_gw1.4.683.1	57.066
sp|P05756|RS13_YEAST	jgi|Issorie2|270495|estExt_Genewise1.C_4_t20072	84.768
sp|P35179|SC61G_YEAST	jgi|Issorie2|143082|CE143081_18920	60.938
sp|Q04031|RRP17_YEAST	jgi|Issorie2|11471|CE11470_4599	38.790
sp|Q02775|SLU7_YEAST	jgi|Issorie2|143055|CE143054_18611	27.326
sp|Q03195|RLI1_YEAST	jgi|Issorie2|4556|CE4555_38930	25.341
sp|Q03921|DOP1_YEAST	jgi|Issorie2|266797|estExt_Genewise1.C_2_t10239	28.163
sp|Q03761|TAF12_YEAST	jgi|Issorie2|143107|CE143106_16216	37.158
sp|P47976|CTH1_YEAST	jgi|Issorie2|235734|gw1.4.292.1	59.375
sp|Q03770|SSY1_YEAST	jgi|Issorie2|247340|e_gw1.1.2020.1	41.897
sp|Q06245|SEC10_YEAST	jgi|Issorie2|323625|gm1.887_g	24.153
sp|P20048|SEC59_YEAST	jgi|Issorie2|197712|CE197711_9511	35.857
sp|Q12030|TAF10_YEAST	jgi|Issorie2|323033|gm1.295_g	49.398
sp|P06101|CDC37_YEAST	jgi|Issorie2|136869|CE136868_40324	37.223
sp|P11075|SEC7_YEAST	jgi|Issorie2|304766|fgenesh1_kg.2_#_836_#_TRINITY_DN1525_c0_g3_i1	41.283
sp|P11075|SEC7_YEAST	jgi|Issorie2|304766|fgenesh1_kg.2_#_836_#_TRINITY_DN1525_c0_g3_i1	44.615
sp|P05453|ERF3_YEAST	jgi|Issorie2|283783|estExt_Genewise1Plus.C_2_t20176	66.200
sp|P52491|UBC12_YEAST	jgi|Issorie2|304426|fgenesh1_kg.2_#_496_#_TRINITY_DN1551_c0_g37_i1	43.038
sp|Q04002|SCC2_YEAST	jgi|Issorie2|313944|fgenesh1_pg.1_#_921	25.522
sp|P32458|CDC11_YEAST	jgi|Issorie2|304324|fgenesh1_kg.2_#_394_#_TRINITY_DN717_c0_g2_i2	53.735
sp|P39079|TCPZ_YEAST	jgi|Issorie2|103072|CE103071_29647	69.982
sp|P22213|SLY1_YEAST	jgi|Issorie2|327175|gm1.4437_g	49.335
sp|Q03940|RUVB1_YEAST	jgi|Issorie2|334414|fgenesh1_pm.7_#_39	77.551
sp|Q03941|CAB5_YEAST	jgi|Issorie2|17282|CE17281_8001	43.983
sp|P38994|MSS4_YEAST	jgi|Issorie2|306457|fgenesh1_kg.4_#_477_#_TRINITY_DN798_c0_g3_i1	44.196
sp|P32501|EI2BE_YEAST	jgi|Issorie2|305365|fgenesh1_kg.3_#_236_#_TRINITY_DN1253_c0_g2_i1	50.578
sp|P12612|TCPA_YEAST	jgi|Issorie2|139991|CE139990_35274	81.655
sp|P02293|H2B1_YEAST	jgi|Issorie2|141635|CE141634_60748	86.260
sp|P39081|PCF11_YEAST	jgi|Issorie2|254315|e_gw1.5.176.1	58.140
sp|P32347|DCUP_YEAST	jgi|Issorie2|306272|fgenesh1_kg.4_#_292_#_TRINITY_DN1238_c1_g2_i1	72.981
sp|Q04947|RTN1_YEAST	jgi|Issorie2|199384|CE199383_69545	32.227
sp|Q03776|PRP42_YEAST	jgi|Issorie2|152364|CE152363_1115	26.901
sp|Q03778|RIFK_YEAST	jgi|Issorie2|152360|CE152359_5132	41.667
sp|P41810|COPB_YEAST	jgi|Issorie2|311979|fgenesh1_kg.32_#_17_#_TRINITY_DN1317_c0_g1_i2	53.822
sp|P23394|PRP28_YEAST	jgi|Issorie2|353193|estExt_fgenesh1_pm.C_30255	38.879
sp|Q03784|TRS23_YEAST	jgi|Issorie2|247880|e_gw1.1.1761.1	26.638
sp|Q05583|CIAO1_YEAST	jgi|Issorie2|336153|fgenesh1_pm.24_#_38	26.721
sp|Q05636|RRP45_YEAST	jgi|Issorie2|326604|gm1.3866_g	45.690
sp|Q05636|RRP45_YEAST	jgi|Issorie2|326604|gm1.3866_g	48.000
sp|Q05541|NSE3_YEAST	jgi|Issorie2|250961|e_gw1.2.187.1	27.397
sp|P32916|SRPR_YEAST	jgi|Issorie2|251708|e_gw1.3.1176.1	44.410
sp|Q06631|BFR2_YEAST	jgi|Issorie2|15651|CE15650_4433	34.058
sp|Q06632|CFT1_YEAST	jgi|Issorie2|304290|fgenesh1_kg.2_#_360_#_TRINITY_DN1277_c0_g1_i1	30.254
sp|Q06636|GPI11_YEAST	jgi|Issorie2|90480|CE90479_24535	33.594
sp|P38781|RSC30_YEAST	jgi|Issorie2|305044|fgenesh1_kg.2_#_1114_#_TRINITY_DN979_c0_g1_i2	43.902
sp|P47822|MED21_YEAST	jgi|Issorie2|91903|CE91902_5150	46.763
sp|P32776|TFB1_YEAST	jgi|Issorie2|281366|estExt_Genewise1Plus.C_1_t10259	33.285
sp|Q06679|UTP4_YEAST	jgi|Issorie2|239428|gw1.5.499.1	43.627
sp|Q06680|CND3_YEAST	jgi|Issorie2|249993|e_gw1.2.948.1	32.191
sp|P52286|SKP1_YEAST	jgi|Issorie2|11468|CE11467_35025	56.842
sp|P49018|GPI8_YEAST	jgi|Issorie2|21903|CE21902_3360	76.471
sp|Q05498|FCF1_YEAST	jgi|Issorie2|11479|CE11478_6125	74.074
sp|Q05506|SYRC_YEAST	jgi|Issorie2|332998|fgenesh1_pm.2_#_421	62.166
sp|P29509|TRXB1_YEAST	jgi|Issorie2|162116|CE162115_37176	81.191
sp|Q06338|BCP1_YEAST	jgi|Issorie2|287288|estExt_Genewise1Plus.C_4_t20359	40.234
sp|Q06344|ESF1_YEAST	jgi|Issorie2|263000|e_gw1.35.5.1	44.275
sp|Q06389|NCS1_YEAST	jgi|Issorie2|148578|CE148577_9615	43.077
sp|P48360|ADRO_YEAST	jgi|Issorie2|194203|CE194202_27516	35.141
sp|Q12159|YRA1_YEAST	jgi|Issorie2|312161|fgenesh1_kg.35_#_14_#_TRINITY_DN1322_c0_g2_i1	35.887
sp|P17121|SAC7_YEAST	jgi|Issorie2|240540|gw1.3.1009.1	60.825
sp|P17121|SAC7_YEAST	jgi|Issorie2|240540|gw1.3.1009.1	48.750
sp|P52488|UBA2_YEAST	jgi|Issorie2|252437|e_gw1.3.1200.1	41.167
sp|P33298|PRS6B_YEAST	jgi|Issorie2|21267|CE21266_50859	83.411
sp|Q92317|NCB2_YEAST	jgi|Issorie2|250334|e_gw1.2.1962.1	48.855
sp|Q04177|UTP5_YEAST	jgi|Issorie2|347424|MIX1960_5208_99	25.256
sp|P34087|RPB7_YEAST	jgi|Issorie2|181999|CE181998_18385	51.124
sp|Q04183|TR120_YEAST	jgi|Issorie2|303567|fgenesh1_kg.1_#_823_#_TRINITY_DN938_c0_g1_i1	28.571
sp|Q04183|TR120_YEAST	jgi|Issorie2|303567|fgenesh1_kg.1_#_823_#_TRINITY_DN938_c0_g1_i1	22.453
sp|Q04031|RRP17_YEAST	jgi|Issorie2|11471|CE11470_4599	38.790
sp|Q04048|SYF1_YEAST	jgi|Issorie2|317050|fgenesh1_pg.5_#_409	25.829
sp|Q04062|RPN9_YEAST	jgi|Issorie2|306086|fgenesh1_kg.4_#_106_#_TRINITY_DN3814_c0_g1_i1	38.177
sp|Q04067|EIF3G_YEAST	jgi|Issorie2|106073|CE106072_22196	35.294
sp|Q04080|GPI17_YEAST	jgi|Issorie2|247357|e_gw1.1.476.1	22.588
sp|Q04082|GPI19_YEAST	jgi|Issorie2|250463|e_gw1.2.1329.1	31.061
sp|Q02354|UTP6_YEAST	jgi|Issorie2|101612|CE101611_4952	37.333
sp|P15454|KGUA_YEAST	jgi|Issorie2|100473|CE100472_5395	70.213
sp|Q03290|TFB3_YEAST	jgi|Issorie2|180805|CE180804_8706	44.620
sp|Q03327|UGO1_YEAST	jgi|Issorie2|198630|CE198629_10093	25.458
sp|Q03337|TRS31_YEAST	jgi|Issorie2|251394|e_gw1.3.1276.1	30.864
sp|P39682|PRP39_YEAST	jgi|Issorie2|142815|CE142814_4597	27.197
sp|Q99258|RIB3_YEAST	jgi|Issorie2|250755|e_gw1.2.403.1	57.488
sp|Q03406|SLD5_YEAST	jgi|Issorie2|10902|CE10901_7050	32.624
sp|Q04377|LCD1_YEAST	jgi|Issorie2|146225|CE146224_48373	22.857
sp|P50896|PSP1_YEAST	jgi|Issorie2|145745|CE145744_12772	44.915
sp|Q12306|SMT3_YEAST	jgi|Issorie2|307732|fgenesh1_kg.7_#_108_#_TRINITY_DN1003_c0_g4_i1	66.667
sp|Q04418|RBA50_YEAST	jgi|Issorie2|325032|gm1.2294_g	30.948
sp|Q04430|PANK_YEAST	jgi|Issorie2|169202|CE169201_12376	52.011
sp|P33767|OSTB_YEAST	jgi|Issorie2|135331|CE135330_26086	35.870
sp|P38632|NSE2_YEAST	jgi|Issorie2|313702|fgenesh1_pg.1_#_679	38.667
sp|P39990|SNU13_YEAST	jgi|Issorie2|127317|CE127316_32079	92.857
sp|P24279|MCM3_YEAST	jgi|Issorie2|287687|estExt_Genewise1Plus.C_5_t10439	57.007
sp|P23301|IF5A1_YEAST	jgi|Issorie2|178557|CE178556_94265	85.161
sp|P39985|DPO5_YEAST	jgi|Issorie2|304929|fgenesh1_kg.2_#_999_#_TRINITY_DN1026_c0_g2_i1	25.980
sp|P38628|AGM1_YEAST	jgi|Issorie2|137524|CE137523_14609	46.499
sp|P29952|MPI_YEAST	jgi|Issorie2|304204|fgenesh1_kg.2_#_274_#_TRINITY_DN1218_c1_g63_i1	55.906
sp|P40009|YND1_YEAST	jgi|Issorie2|314464|fgenesh1_pg.2_#_262	41.436
sp|P40010|NUG1_YEAST	jgi|Issorie2|304220|fgenesh1_kg.2_#_290_#_TRINITY_DN1514_c1_g4_i1	52.662
sp|Q12745|SEC39_YEAST	jgi|Issorie2|286391|estExt_Genewise1Plus.C_3_t30330	23.597
sp|P33331|NTF2_YEAST	jgi|Issorie2|249305|e_gw1.2.1372.1	79.032
sp|P21242|PSA7_YEAST	jgi|Issorie2|9332|CE9331_51346	72.691
sp|P24384|PRP22_YEAST	jgi|Issorie2|28799|CE28798_19712	48.086
sp|P40013|BIM1_YEAST	jgi|Issorie2|108321|CE108320_12056	30.897
sp|P40016|RPN3_YEAST	jgi|Issorie2|93250|CE93249_67681	42.644
sp|P32569|MED17_YEAST	jgi|Issorie2|287673|estExt_Genewise1Plus.C_5_t10425	30.028
sp|P32263|P5CR_YEAST	jgi|Issorie2|107894|CE107893_10275	51.203
sp|P32481|IF2G_YEAST	jgi|Issorie2|25532|CE25531_15904	81.025
sp|P40024|ARB1_YEAST	jgi|Issorie2|143687|CE143686_52697	83.540
sp|P39954|SAHH_YEAST	jgi|Issorie2|106931|CE106930_71648	84.410
sp|P40039|FCY21_YEAST	jgi|Issorie2|253293|e_gw1.4.62.1	28.600
sp|Q3E834|YOS1_YEAST	jgi|Issorie2|102706|CE102705_4353	44.118
sp|P40055|UTP7_YEAST	jgi|Issorie2|194580|CE194579_15135	51.515
sp|P40061|TSC11_YEAST	jgi|Issorie2|347898|MIX2434_6969_90	34.211
sp|P40061|TSC11_YEAST	jgi|Issorie2|347898|MIX2434_6969_90	23.501
sp|P25451|PSB3_YEAST	jgi|Issorie2|170739|CE170738_43880	79.024
sp|P40070|LSM4_YEAST	jgi|Issorie2|306348|fgenesh1_kg.4_#_368_#_TRINITY_DN1573_c0_g2_i1	36.207
sp|P39940|RSP5_YEAST	jgi|Issorie2|89581|CE89580_57113	65.304
sp|P40078|NSA2_YEAST	jgi|Issorie2|311304|fgenesh1_kg.24_#_30_#_TRINITY_DN541_c0_g2_i1	87.356
sp|P40079|LCP5_YEAST	jgi|Issorie2|125924|CE125923_4115	31.464
sp|P32598|PP12_YEAST	jgi|Issorie2|307030|fgenesh1_kg.5_#_446_#_TRINITY_DN1097_c0_g4_i1	90.970
sp|P39958|GDI1_YEAST	jgi|Issorie2|166813|CE166812_71210	73.767
sp|P40089|LSM5_YEAST	jgi|Issorie2|306037|fgenesh1_kg.4_#_57_#_TRINITY_DN1501_c4_g117_i1	44.156
sp|P13393|TBP_YEAST	jgi|Issorie2|306983|fgenesh1_kg.5_#_399_#_TRINITY_DN1143_c0_g7_i1	92.513
sp|P40096|NCB1_YEAST	jgi|Issorie2|239343|gw1.1.1259.1	53.247
sp|P20434|RPAB1_YEAST	jgi|Issorie2|307097|fgenesh1_kg.5_#_513_#_TRINITY_DN676_c0_g1_i1	69.014
sp|P21269|CCA1_YEAST	jgi|Issorie2|324229|gm1.1491_g	38.752
sp|Q06665|RAD34_YEAST	jgi|Issorie2|143080|CE143079_21192	24.818
sp|P32639|BRR2_YEAST	jgi|Issorie2|248491|e_gw1.1.1600.1	44.081
sp|P25808|SPB4_YEAST	jgi|Issorie2|314115|fgenesh1_pg.1_#_1092	51.689
sp|P07560|SEC4_YEAST	jgi|Issorie2|90123|CE90122_42337	58.252
sp|P32908|SMC1_YEAST	jgi|Issorie2|18364|CE18363_6622	38.372
sp|P18898|PGTB1_YEAST	jgi|Issorie2|95483|CE95482_2006	34.946
sp|P43577|GNA1_YEAST	jgi|Issorie2|247290|e_gw1.1.69.1	42.446
sp|P40204|RUXG_YEAST	jgi|Issorie2|19474|CE19473_2924	38.889
sp|P15625|SYFA_YEAST	jgi|Issorie2|304318|fgenesh1_kg.2_#_388_#_TRINITY_DN1393_c0_g4_i1	64.940
sp|P43572|EPL1_YEAST	jgi|Issorie2|247511|e_gw1.1.95.1	32.324
sp|P43568|CAK1_YEAST	jgi|Issorie2|21977|CE21976_7054	28.975
sp|P43563|MOB2_YEAST	jgi|Issorie2|98554|CE98553_4550	50.325
sp|P02557|TBB_YEAST	jgi|Issorie2|306431|fgenesh1_kg.4_#_451_#_TRINITY_DN521_c0_g3_i1	83.753
sp|P01123|YPT1_YEAST	jgi|Issorie2|89227|CE89226_46371	70.874
sp|P60010|ACT_YEAST	jgi|Issorie2|304199|fgenesh1_kg.2_#_269_#_TRINITY_DN631_c1_g1_i1	96.552
sp|P07283|PMM_YEAST	jgi|Issorie2|152693|CE152692_22843	67.611
sp|P34077|NIC96_YEAST	jgi|Issorie2|287810|estExt_Genewise1Plus.C_5_t20078	36.055
sp|P43587|YPI1_YEAST	jgi|Issorie2|180299|CE180298_9868	36.691
sp|P43588|RPN11_YEAST	jgi|Issorie2|305373|fgenesh1_kg.3_#_244_#_TRINITY_DN986_c1_g2_i1	71.246
sp|P43589|SAD1_YEAST	jgi|Issorie2|325196|gm1.2458_g	25.908
sp|P43605|ECO1_YEAST	jgi|Issorie2|323926|gm1.1188_g	35.135
sp|Q00684|CDC14_YEAST	jgi|Issorie2|303539|fgenesh1_kg.1_#_795_#_TRINITY_DN509_c0_g1_i1	54.772
sp|P43606|PTR3_YEAST	jgi|Issorie2|89543|CE89542_5153	42.823
sp|P38989|SMC2_YEAST	jgi|Issorie2|334000|fgenesh1_pm.5_#_140	39.683
sp|P43609|RSC8_YEAST	jgi|Issorie2|353514|estExt_fgenesh1_pm.C_40176	38.075
sp|P30657|PSB7_YEAST	jgi|Issorie2|92333|CE92332_43663	53.237
sp|P43621|COPD_YEAST	jgi|Issorie2|311965|fgenesh1_kg.32_#_3_#_TRINITY_DN363_c0_g1_i1	38.204
sp|P32496|RPN12_YEAST	jgi|Issorie2|94912|CE94911_21483	38.768
sp|P53199|ERG26_YEAST	jgi|Issorie2|149002|CE149001_17689	71.098
sp|P05030|PMA1_YEAST	jgi|Issorie2|352872|estExt_fgenesh1_pm.C_2_t20008	83.790
sp|P21243|PSA1_YEAST	jgi|Issorie2|159160|CE159159_51642	60.956
sp|P25339|PUF4_YEAST	jgi|Issorie2|243073|gw1.4.681.1	49.573
sp|P53193|JAC1_YEAST	jgi|Issorie2|306077|fgenesh1_kg.4_#_97_#_TRINITY_DN1090_c1_g3_i1	32.338
sp|P39007|STT3_YEAST	jgi|Issorie2|334387|fgenesh1_pm.7_#_12	63.043
sp|P14120|RL30_YEAST	jgi|Issorie2|303858|fgenesh1_kg.1_#_1114_#_TRINITY_DN992_c1_g1_i1	81.731
sp|Q07534|S2538_YEAST	jgi|Issorie2|249841|e_gw1.2.2021.1	53.642
sp|P25299|RNA15_YEAST	jgi|Issorie2|248338|e_gw1.1.42.1	24.731
sp|P53178|ALG13_YEAST	jgi|Issorie2|24726|CE24725_6701	30.636
sp|Q01939|PRS8_YEAST	jgi|Issorie2|327214|gm1.4476_g	79.506
sp|P21147|ACO1_YEAST	jgi|Issorie2|87021|CE87020_166373	56.867
sp|P43636|ALG2_YEAST	jgi|Issorie2|6593|CE6592_5633	46.380
sp|P53163|MNP1_YEAST	jgi|Issorie2|30900|CE30899_16545	53.093
sp|P10961|HSF_YEAST	jgi|Issorie2|249695|e_gw1.2.901.1	41.379
sp|P52920|NBP35_YEAST	jgi|Issorie2|88850|CE88849_20946	76.699
sp|P49687|NU145_YEAST	jgi|Issorie2|250581|e_gw1.2.815.1	25.794
sp|P21827|RCC1_YEAST	jgi|Issorie2|88613|CE88612_11752	58.409
sp|P53145|LSG1_YEAST	jgi|Issorie2|146570|CE146569_17415	63.950
sp|P53145|LSG1_YEAST	jgi|Issorie2|146570|CE146569_17415	65.306
sp|P02406|RL28_YEAST	jgi|Issorie2|307066|fgenesh1_kg.5_#_482_#_TRINITY_DN1493_c1_g3_i1	81.208
sp|P53136|NSA1_YEAST	jgi|Issorie2|317114|fgenesh1_pg.5_#_473	24.949
sp|P53040|TAF6_YEAST	jgi|Issorie2|181089|CE181088_10900	44.112
sp|P26309|CDC20_YEAST	jgi|Issorie2|3187|CE3186_8128	38.393
sp|P53131|PRP43_YEAST	jgi|Issorie2|28799|CE28798_19712	76.966
sp|P32505|NAB2_YEAST	jgi|Issorie2|307662|fgenesh1_kg.7_#_38_#_TRINITY_DN995_c0_g1_i1	39.739
sp|P38701|RS20_YEAST	jgi|Issorie2|303995|fgenesh1_kg.2_#_65_#_TRINITY_DN873_c0_g11_i1	66.981
sp|P52868|CWC23_YEAST	jgi|Issorie2|332181|fgenesh1_pm.1_#_218	39.062
sp|Q01159|MCE1_YEAST	jgi|Issorie2|304134|fgenesh1_kg.2_#_204_#_TRINITY_DN792_c0_g1_i1	42.410
sp|P41811|COPB2_YEAST	jgi|Issorie2|146651|CE146650_21991	54.005
sp|P30777|GPI10_YEAST	jgi|Issorie2|28378|CE28377_4577	31.481
sp|P53115|INO80_YEAST	jgi|Issorie2|251591|e_gw1.3.358.1	55.344
sp|P18898|PGTB1_YEAST	jgi|Issorie2|95483|CE95482_2006	34.946
sp|P32579|SUA5_YEAST	jgi|Issorie2|325203|gm1.2465_g	49.639
sp|P45818|ROK1_YEAST	jgi|Issorie2|303201|fgenesh1_kg.1_#_457_#_TRINITY_DN969_c0_g3_i1	53.393
sp|Q02199|NUP49_YEAST	jgi|Issorie2|180237|CE180236_8325	33.333
sp|P39938|RS26A_YEAST	jgi|Issorie2|18619|CE18618_72723	78.151
sp|P53091|MCM6_YEAST	jgi|Issorie2|332489|fgenesh1_pm.1_#_526	51.884
sp|P32558|SPT16_YEAST	jgi|Issorie2|305391|fgenesh1_kg.3_#_262_#_TRINITY_DN1152_c0_g1_i1	51.321
sp|P40107|GMT1_YEAST	jgi|Issorie2|303997|fgenesh1_kg.2_#_67_#_TRINITY_DN873_c0_g3_i1	64.263
sp|P22224|SEC15_YEAST	jgi|Issorie2|250748|e_gw1.2.1270.1	26.384
sp|P33307|CSE1_YEAST	jgi|Issorie2|85177|CE85176_20945	48.666
sp|P46655|SYEC_YEAST	jgi|Issorie2|303902|fgenesh1_kg.1_#_1158_#_TRINITY_DN1542_c1_g7_i1	67.085
sp|P53062|BRR6_YEAST	jgi|Issorie2|303906|fgenesh1_kg.1_#_1162_#_TRINITY_DN1023_c0_g4_i1	32.215
sp|P53201|SWC4_YEAST	jgi|Issorie2|253057|e_gw1.4.87.1	35.317
sp|P41896|T2FB_YEAST	jgi|Issorie2|253231|e_gw1.4.709.1	36.464
sp|P40357|SEC9_YEAST	jgi|Issorie2|306132|fgenesh1_kg.4_#_152_#_TRINITY_DN1366_c1_g6_i1	32.735
sp|P53215|THG1_YEAST	jgi|Issorie2|15156|CE15155_2918	55.046
sp|P27882|ERV1_YEAST	jgi|Issorie2|253670|e_gw1.5.157.1	51.667
sp|P53230|TAM41_YEAST	jgi|Issorie2|345576|MIX112_9478_93	41.634
sp|P33339|TFC4_YEAST	jgi|Issorie2|248913|e_gw1.1.934.1	35.692
sp|P53044|UFD1_YEAST	jgi|Issorie2|28869|CE28868_34865	56.216
sp|P53045|MSMO_YEAST	jgi|Issorie2|102011|CE102010_67459	72.876
sp|P53241|VHT1_YEAST	jgi|Issorie2|179485|CE179484_460	42.344
sp|Q02260|SMD1_YEAST	jgi|Issorie2|236007|gw1.1.875.1	40.367
sp|P35180|TOM20_YEAST	jgi|Issorie2|98996|CE98995_13880	41.830
sp|P12754|EI2BD_YEAST	jgi|Issorie2|347958|MIX2494_968_19	42.559
sp|P53254|UTP22_YEAST	jgi|Issorie2|332869|fgenesh1_pm.2_#_292	41.279
sp|P49704|PRP31_YEAST	jgi|Issorie2|149071|CE149070_3943	32.869
sp|P07806|SYV_YEAST	jgi|Issorie2|305914|fgenesh1_kg.3_#_785_#_TRINITY_DN917_c0_g3_i1	72.359
sp|P53256|RRP46_YEAST	jgi|Issorie2|305915|fgenesh1_kg.3_#_786_#_TRINITY_DN917_c0_g2_i1	37.220
sp|Q03018|ESP1_YEAST	jgi|Issorie2|22565|CE22564_2666	36.325
sp|P53261|PESC_YEAST	jgi|Issorie2|307981|fgenesh1_kg.7_#_357_#_TRINITY_DN721_c0_g1_i1	62.587
sp|P23615|SPT6_YEAST	jgi|Issorie2|353829|estExt_fgenesh1_pm.C_50273	34.571
sp|P48837|NUP57_YEAST	jgi|Issorie2|86698|CE86697_11538	28.906
sp|P53276|UTP8_YEAST	jgi|Issorie2|305449|fgenesh1_kg.3_#_320_#_TRINITY_DN1395_c1_g3_i1	24.925
sp|P48234|NOL10_YEAST	jgi|Issorie2|144691|CE144690_7687	57.762
sp|P37293|NAT2_YEAST	jgi|Issorie2|303195|fgenesh1_kg.1_#_451_#_TRINITY_DN867_c0_g2_i1	40.690
sp|P39927|PTI1_YEAST	jgi|Issorie2|262235|e_gw1.29.123.1	36.134
sp|P48240|MTR3_YEAST	jgi|Issorie2|91219|CE91218_5150	26.047
sp|P53039|YIP1_YEAST	jgi|Issorie2|178791|CE178790_9368	56.633
sp|P07277|KIME_YEAST	jgi|Issorie2|92174|CE92173_7126	45.301
sp|P36421|SYYC_YEAST	jgi|Issorie2|303733|fgenesh1_kg.1_#_989_#_TRINITY_DN1112_c0_g3_i1	72.250
sp|P41895|T2FA_YEAST	jgi|Issorie2|250650|e_gw1.2.1761.1	35.422
sp|P41895|T2FA_YEAST	jgi|Issorie2|250650|e_gw1.2.1761.1	39.344
sp|P06775|HIP1_YEAST	jgi|Issorie2|311275|fgenesh1_kg.24_#_1_#_TRINITY_DN1126_c1_g4_i1	46.429
sp|P46948|RRP41_YEAST	jgi|Issorie2|136637|CE136636_7196	49.583
sp|P53303|ZPR1_YEAST	jgi|Issorie2|143165|CE143164_59130	63.768
sp|P23797|GPI12_YEAST	jgi|Issorie2|306172|fgenesh1_kg.4_#_192_#_TRINITY_DN1434_c0_g6_i1	32.862
sp|P30822|XPO1_YEAST	jgi|Issorie2|252456|e_gw1.3.1446.1	62.857
sp|P53312|SUCB_YEAST	jgi|Issorie2|199926|CE199925_139370	61.179
sp|P53313|SDA1_YEAST	jgi|Issorie2|269051|estExt_Genewise1.C_3_t10479	56.812
sp|P29056|TF3B_YEAST	jgi|Issorie2|253414|e_gw1.5.2.1	46.387
sp|P32379|PSA5_YEAST	jgi|Issorie2|199031|CE199030_51159	79.352
sp|P00958|SYMC_YEAST	jgi|Issorie2|302812|fgenesh1_kg.1_#_68_#_TRINITY_DN961_c0_g1_i1	61.568
sp|P51601|GCH1_YEAST	jgi|Issorie2|334510|fgenesh1_pm.7_#_135	76.652
sp|P35189|TAF14_YEAST	jgi|Issorie2|262998|e_gw1.35.57.1	53.077
sp|P53332|COAD_YEAST	jgi|Issorie2|337719|estExt_Genemark1.C_1_t20210	52.414
sp|P53333|CWC22_YEAST	jgi|Issorie2|21816|CE21815_6457	28.785
sp|P53335|PXR1_YEAST	jgi|Issorie2|337422|estExt_Genemark1.C_1_t10402	62.025
sp|P38701|RS20_YEAST	jgi|Issorie2|303995|fgenesh1_kg.2_#_65_#_TRINITY_DN873_c0_g11_i1	66.981
sp|P10614|CP51_YEAST	jgi|Issorie2|307014|fgenesh1_kg.5_#_430_#_TRINITY_DN1356_c0_g2_i1	61.495
sp|P38707|SYNC_YEAST	jgi|Issorie2|303292|fgenesh1_kg.1_#_548_#_TRINITY_DN116_c0_g1_i1	72.760
sp|P38708|YHI0_YEAST	jgi|Issorie2|15109|CE15108_28499	64.454
sp|P08964|MYO1_YEAST	jgi|Issorie2|161950|CE161949_13873	36.180
sp|P11914|MPPA_YEAST	jgi|Issorie2|92996|CE92995_57968	49.573
sp|P38770|BRL1_YEAST	jgi|Issorie2|303906|fgenesh1_kg.1_#_1162_#_TRINITY_DN1023_c0_g4_i1	22.819
sp|P38772|BCD1_YEAST	jgi|Issorie2|104946|CE104945_2600	30.526
sp|P16603|NCPR_YEAST	jgi|Issorie2|200224|CE200223_26023	46.809
sp|P38782|MED6_YEAST	jgi|Issorie2|281269|estExt_Genewise1Plus.C_1_t10162	31.797
sp|P10622|RLA3_YEAST	jgi|Issorie2|96451|CE96450_15484	66.667
sp|Q12481|RRP36_YEAST	jgi|Issorie2|303100|fgenesh1_kg.1_#_356_#_TRINITY_DN1133_c1_g1_i1	44.393
sp|P38791|DHYS_YEAST	jgi|Issorie2|170018|CE170017_18480	71.958
sp|Q08285|RRP40_YEAST	jgi|Issorie2|251755|e_gw1.3.3.1	38.863
sp|P38793|TRM5_YEAST	jgi|Issorie2|303154|fgenesh1_kg.1_#_410_#_TRINITY_DN1151_c0_g2_i1	36.267
sp|P38604|ERG7_YEAST	jgi|Issorie2|26628|CE26627_10927	61.538
sp|Q6Q547|NOP10_YEAST	jgi|Issorie2|248474|e_gw1.1.633.1	91.071
sp|P38795|NADE_YEAST	jgi|Issorie2|161212|CE161211_27156	69.048
sp|P38691|KSP1_YEAST	jgi|Issorie2|255475|e_gw1.7.634.1	41.573
sp|P14693|SAM35_YEAST	jgi|Issorie2|317756|fgenesh1_pg.7_#_175	26.087
sp|P13574|STE12_YEAST	jgi|Issorie2|255139|e_gw1.7.74.1	63.380
sp|P38803|IPI1_YEAST	jgi|Issorie2|105118|CE105117_2046	27.879
sp|Q00539|NAM8_YEAST	jgi|Issorie2|244540|gw1.5.883.1	38.576
sp|P38805|RPF1_YEAST	jgi|Issorie2|200223|CE200222_4177	61.806
sp|P38810|SFB3_YEAST	jgi|Issorie2|145208|CE145207_3467	31.048
sp|P38813|BIG1_YEAST	jgi|Issorie2|21171|CE21170_8083	23.581
sp|P32468|CDC12_YEAST	jgi|Issorie2|171393|CE171392_11191	59.783
sp|P38829|YHS2_YEAST	jgi|Issorie2|169671|CE169670_5916	50.862
sp|P40422|RPAB4_YEAST	jgi|Issorie2|249832|e_gw1.2.446.1	55.556
sp|P32899|IMP3_YEAST	jgi|Issorie2|135087|CE135086_8820	60.221
sp|P38859|DNA2_YEAST	jgi|Issorie2|303544|fgenesh1_kg.1_#_800_#_TRINITY_DN1368_c3_g10_i1	28.602
sp|P16522|CDC23_YEAST	jgi|Issorie2|347136|MIX1672_1108_19	40.596
sp|P38861|NMD3_YEAST	jgi|Issorie2|251287|e_gw1.3.1335.1	70.683
sp|P38863|SPC97_YEAST	jgi|Issorie2|140614|CE140613_921	24.200
sp|P38873|KOG1_YEAST	jgi|Issorie2|34351|CE34350_14136	42.812
sp|P38875|GPI16_YEAST	jgi|Issorie2|333166|fgenesh1_pm.2_#_589	39.897
sp|P29704|FDFT_YEAST	jgi|Issorie2|29600|CE29599_9117	58.955
sp|P38883|RIX1_YEAST	jgi|Issorie2|286370|estExt_Genewise1Plus.C_3_t30309	24.500
sp|P40558|CFD1_YEAST	jgi|Issorie2|31260|CE31259_9279	61.172
sp|P22804|BET1_YEAST	jgi|Issorie2|92721|CE92720_4639	34.211
sp|P40546|FAF1_YEAST	jgi|Issorie2|136475|CE136474_4181	40.873
sp|P16370|RPB3_YEAST	jgi|Issorie2|136488|CE136487_36725	52.280
sp|Q01852|TIM44_YEAST	jgi|Issorie2|324369|gm1.1631_g	50.812
sp|P40541|SCC3_YEAST	jgi|Issorie2|13292|CE13291_4311	29.672
sp|P40537|ULP2_YEAST	jgi|Issorie2|93323|CE93322_9807	34.385
sp|P39014|MET30_YEAST	jgi|Issorie2|336153|fgenesh1_pm.24_#_38	24.897
sp|P39014|MET30_YEAST	jgi|Issorie2|336153|fgenesh1_pm.24_#_38	23.839
sp|P40527|ATC7_YEAST	jgi|Issorie2|248362|e_gw1.1.1160.1	63.333
sp|P40185|MMF1_YEAST	jgi|Issorie2|262229|e_gw1.29.31.1	64.000
sp|Q00916|RU17_YEAST	jgi|Issorie2|331976|fgenesh1_pm.1_#_13	47.368
sp|P40518|ARPC5_YEAST	jgi|Issorie2|253718|e_gw1.5.284.1	36.054
sp|P40517|YRB2_YEAST	jgi|Issorie2|199917|CE199916_10442	36.137
sp|P14906|SEC63_YEAST	jgi|Issorie2|86346|CE86345_6480	46.970
sp|P32565|RPN2_YEAST	jgi|Issorie2|307667|fgenesh1_kg.7_#_43_#_TRINITY_DN1560_c0_g1_i1	51.468
sp|P04801|SYTC_YEAST	jgi|Issorie2|180442|CE180441_17488	73.343
sp|P40506|PPCS_YEAST	jgi|Issorie2|334481|fgenesh1_pm.7_#_106	48.199
sp|P40486|SHQ1_YEAST	jgi|Issorie2|180539|CE180538_3091	42.690
sp|P40484|MOB1_YEAST	jgi|Issorie2|348156|MIX2692_9842_90	60.227
sp|P40482|SEC24_YEAST	jgi|Issorie2|349367|MIX3903_306_18	40.000
sp|P40477|NU159_YEAST	jgi|Issorie2|305283|fgenesh1_kg.3_#_154_#_TRINITY_DN1329_c0_g1_i3	25.597
sp|Q00245|RHO3_YEAST	jgi|Issorie2|29796|CE29795_9481	69.608
sp|P32597|STH1_YEAST	jgi|Issorie2|251299|e_gw1.3.726.1	59.389
sp|P32597|STH1_YEAST	jgi|Issorie2|251299|e_gw1.3.726.1	44.776
sp|P40468|TAO3_YEAST	jgi|Issorie2|247023|e_gw1.1.84.1	37.956
sp|P39076|TCPB_YEAST	jgi|Issorie2|96448|CE96447_21835	81.679
sp|Q00578|RAD25_YEAST	jgi|Issorie2|303090|fgenesh1_kg.1_#_346_#_TRINITY_DN911_c0_g2_i1	77.937
sp|P39928|SLN1_YEAST	jgi|Issorie2|352765|estExt_fgenesh1_pm.C_2_t10396	39.646
sp|P39928|SLN1_YEAST	jgi|Issorie2|352765|estExt_fgenesh1_pm.C_2_t10396	61.789
sp|P32354|MCM10_YEAST	jgi|Issorie2|100456|CE100455_8462	28.922
sp|P40564|DJP1_YEAST	jgi|Issorie2|332181|fgenesh1_pm.1_#_218	39.917
sp|P32521|PAN1_YEAST	jgi|Issorie2|145212|CE145211_35683	30.074
sp|P32521|PAN1_YEAST	jgi|Issorie2|145212|CE145211_35683	30.186
sp|P10363|PRI1_YEAST	jgi|Issorie2|152477|CE152476_724	44.717
sp|P38637|STS1_YEAST	jgi|Issorie2|305927|fgenesh1_kg.3_#_798_#_TRINITY_DN1521_c2_g3_i1	29.870
sp|P35184|SQT1_YEAST	jgi|Issorie2|203315|CE203314_17847	40.181
sp|P15367|SEC11_YEAST	jgi|Issorie2|92501|CE92500_8975	51.366
sp|P38624|PSB1_YEAST	jgi|Issorie2|149028|CE149027_39733	73.364
sp|P41543|OST1_YEAST	jgi|Issorie2|149630|CE149629_5548	36.229
sp|P08678|CYAA_YEAST	jgi|Issorie2|332751|fgenesh1_pm.2_#_174	38.006
sp|P47079|TCPQ_YEAST	jgi|Issorie2|306239|fgenesh1_kg.4_#_259_#_TRINITY_DN1198_c0_g1_i1	60.984
sp|P47077|NOP9_YEAST	jgi|Issorie2|197993|CE197992_4694	48.350
sp|P47076|RPC9_YEAST	jgi|Issorie2|304239|fgenesh1_kg.2_#_309_#_TRINITY_DN1492_c0_g1_i1	30.573
sp|P39077|TCPG_YEAST	jgi|Issorie2|172705|CE172704_36571	78.424
sp|P40992|RRN7_YEAST	jgi|Issorie2|321076|fgenesh1_pg.24_#_49	27.750
sp|P09938|RIR2_YEAST	jgi|Issorie2|198569|CE198568_35794	72.840
sp|Q00618|PGTA_YEAST	jgi|Issorie2|204827|CE204826_5286	31.454
sp|P20448|DBP4_YEAST	jgi|Issorie2|352525|estExt_fgenesh1_pm.C_2_t10141	53.544
sp|P16474|BIP_YEAST	jgi|Issorie2|158529|CE158528_167263	73.344
sp|P47058|TAD2_YEAST	jgi|Issorie2|247386|e_gw1.1.405.1	39.720
sp|P47054|NU192_YEAST	jgi|Issorie2|283303|estExt_Genewise1Plus.C_2_t10170	29.493
sp|Q02630|NU116_YEAST	jgi|Issorie2|304522|fgenesh1_kg.2_#_592_#_TRINITY_DN595_c0_g1_i2	34.470
sp|Q02630|NU116_YEAST	jgi|Issorie2|304522|fgenesh1_kg.2_#_592_#_TRINITY_DN595_c0_g1_i2	34.848
sp|P47047|MTR4_YEAST	jgi|Issorie2|193676|CE193675_9921	67.528
sp|P47045|TIM54_YEAST	jgi|Issorie2|333887|fgenesh1_pm.5_#_27	33.691
sp|P40362|UTP18_YEAST	jgi|Issorie2|261371|e_gw1.24.165.1	40.670
sp|P40359|PSF2_YEAST	jgi|Issorie2|234460|gw1.5.238.1	41.146
sp|P47037|SMC3_YEAST	jgi|Issorie2|251978|e_gw1.3.1217.1	39.030
sp|Q02931|UTP17_YEAST	jgi|Issorie2|143951|CE143950_8910	25.586
sp|P80428|ARP4_YEAST	jgi|Issorie2|254237|e_gw1.5.581.1	38.058
sp|P19658|EXO70_YEAST	jgi|Issorie2|18212|CE18211_28117	19.784
sp|P09880|TRNL_YEAST	jgi|Issorie2|248910|e_gw1.1.790.1	38.010
sp|P47027|DPB11_YEAST	jgi|Issorie2|128222|CE128221_16338	24.167
sp|P47026|GWT1_YEAST	jgi|Issorie2|311789|fgenesh1_kg.29_#_31_#_TRINITY_DN1294_c0_g3_i1	38.566
sp|P40857|HACD_YEAST	jgi|Issorie2|89067|CE89066_17239	40.566
sp|P42949|TIM16_YEAST	jgi|Issorie2|306715|fgenesh1_kg.5_#_131_#_TRINITY_DN1280_c0_g9_i1	48.387
sp|P42945|UTP10_YEAST	jgi|Issorie2|136694|CE136693_10057	37.283
sp|P42943|TCPH_YEAST	jgi|Issorie2|88345|CE88344_32423	68.978
sp|P47018|MTC1_YEAST	jgi|Issorie2|170375|CE170374_59670	26.628
sp|P46959|TRM61_YEAST	jgi|Issorie2|253367|e_gw1.4.542.1	49.457
sp|P39515|TIM17_YEAST	jgi|Issorie2|308009|fgenesh1_kg.7_#_385_#_TRINITY_DN536_c0_g1_i1	70.064
sp|P47002|SSY5_YEAST	jgi|Issorie2|285482|estExt_Genewise1Plus.C_3_t10366	32.357
sp|P53917|FAR11_YEAST	jgi|Issorie2|306486|fgenesh1_kg.4_#_506_#_TRINITY_DN913_c0_g1_i1	24.015
sp|P06244|KAPA_YEAST	jgi|Issorie2|247359|e_gw1.1.835.1	74.143
sp|P08524|FPPS_YEAST	jgi|Issorie2|306164|fgenesh1_kg.4_#_184_#_TRINITY_DN1424_c0_g1_i1	70.571
sp|P39005|KRE9_YEAST	jgi|Issorie2|326608|gm1.3870_g	39.636
sp|P09119|CDC6_YEAST	jgi|Issorie2|91882|CE91881_1406	26.617
sp|P32524|PRP21_YEAST	jgi|Issorie2|315275|fgenesh1_pg.2_#_1073	23.226
sp|P47083|MPP10_YEAST	jgi|Issorie2|333022|fgenesh1_pm.2_#_445	41.887
sp|P46957|DPOD2_YEAST	jgi|Issorie2|333957|fgenesh1_pm.5_#_97	36.939
sp|P20459|IF2A_YEAST	jgi|Issorie2|269661|estExt_Genewise1.C_3_t30135	72.260
sp|P47087|YJY2_YEAST	jgi|Issorie2|315781|fgenesh1_pg.3_#_463	44.186
sp|P47088|GPI14_YEAST	jgi|Issorie2|302989|fgenesh1_kg.1_#_245_#_TRINITY_DN1240_c1_g2_i1	45.137
sp|P39522|ILV3_YEAST	jgi|Issorie2|143813|CE143812_39951	71.454
sp|P22696|ESS1_YEAST	jgi|Issorie2|304801|fgenesh1_kg.2_#_871_#_TRINITY_DN453_c0_g2_i1	53.939
sp|P47093|LSM8_YEAST	jgi|Issorie2|25762|CE25761_2479	36.486
sp|P47108|URB2_YEAST	jgi|Issorie2|247987|e_gw1.1.1493.1	24.503
sp|P46673|NUP85_YEAST	jgi|Issorie2|248313|e_gw1.1.2265.1	24.401
sp|P0CS90|HSP77_YEAST	jgi|Issorie2|85817|CE85816_313168	82.609
sp|P00572|KTHY_YEAST	jgi|Issorie2|332823|fgenesh1_pm.2_#_246	48.848
sp|P40413|TCPE_YEAST	jgi|Issorie2|22032|CE22031_30645	65.674
sp|P47117|ARP3_YEAST	jgi|Issorie2|34374|CE34373_38427	73.438
sp|P47118|YAE1_YEAST	jgi|Issorie2|323848|gm1.1110_g	42.017
sp|P40348|RFC2_YEAST	jgi|Issorie2|21916|CE21915_9233	55.090
sp|P47122|GPN1_YEAST	jgi|Issorie2|303993|fgenesh1_kg.2_#_63_#_TRINITY_DN1398_c1_g1_i3	62.250
sp|P32458|CDC11_YEAST	jgi|Issorie2|304324|fgenesh1_kg.2_#_394_#_TRINITY_DN717_c0_g2_i2	53.735
sp|P45976|FIP1_YEAST	jgi|Issorie2|306096|fgenesh1_kg.4_#_116_#_TRINITY_DN751_c0_g1_i1	47.761
sp|P33303|SFC1_YEAST	jgi|Issorie2|249094|e_gw1.2.1916.1	58.766
sp|P47149|NNF1_YEAST	jgi|Issorie2|254352|e_gw1.5.591.1	26.437
sp|P26783|RS5_YEAST	jgi|Issorie2|25608|CE25607_58167	80.822
sp|P47172|YJ9I_YEAST	jgi|Issorie2|325102|gm1.2364_g	25.779
sp|P36107|AUR1_YEAST	jgi|Issorie2|353608|estExt_fgenesh1_pm.C_50029	47.423
sp|P33203|PRP40_YEAST	jgi|Issorie2|92500|CE92499_7624	24.590
sp|P33204|ARPC4_YEAST	jgi|Issorie2|92685|CE92684_11008	72.781
sp|P34241|URB1_YEAST	jgi|Issorie2|252883|e_gw1.4.604.1	28.898
sp|P34241|URB1_YEAST	jgi|Issorie2|252883|e_gw1.4.604.1	28.674
sp|P36104|SWD2_YEAST	jgi|Issorie2|345735|MIX271_3727_74	27.645
sp|P29703|FNTA_YEAST	jgi|Issorie2|250967|e_gw1.2.2124.1	33.434
sp|P20484|MAK11_YEAST	jgi|Issorie2|92220|CE92219_7558	44.656
sp|P09798|CDC16_YEAST	jgi|Issorie2|249716|e_gw1.2.1693.1	45.053
sp|P15700|KCY_YEAST	jgi|Issorie2|303669|fgenesh1_kg.1_#_925_#_TRINITY_DN704_c0_g2_i1	62.136
sp|P36100|T2EA_YEAST	jgi|Issorie2|307872|fgenesh1_kg.7_#_248_#_TRINITY_DN778_c0_g1_i1	27.195
sp|P36097|TTI1_YEAST	jgi|Issorie2|305055|fgenesh1_kg.2_#_1125_#_TRINITY_DN1031_c0_g1_i1	27.114
sp|P32861|UGPA1_YEAST	jgi|Issorie2|303099|fgenesh1_kg.1_#_355_#_TRINITY_DN1133_c1_g3_i1	73.293
sp|P20457|PRI2_YEAST	jgi|Issorie2|249204|e_gw1.2.2081.1	42.435
sp|P36012|CENPA_YEAST	jgi|Issorie2|303714|fgenesh1_kg.1_#_970_#_TRINITY_DN1299_c0_g1_i1	67.033
sp|P48361|ASK10_YEAST	jgi|Issorie2|236691|gw1.2.834.1	32.924
sp|P32774|T2AG_YEAST	jgi|Issorie2|333931|fgenesh1_pm.5_#_71	51.240
sp|P35728|MPE1_YEAST	jgi|Issorie2|287530|estExt_Genewise1Plus.C_5_t10260	35.526
sp|P14540|ALF_YEAST	jgi|Issorie2|338873|estExt_Genemark1.C_2_t20296	79.718
sp|P36009|DHR2_YEAST	jgi|Issorie2|28799|CE28798_19712	39.726
sp|P36080|RRP14_YEAST	jgi|Issorie2|325999|gm1.3261_g	40.126
sp|P36076|CAB3_YEAST	jgi|Issorie2|253982|e_gw1.5.136.1	64.035
sp|P28320|YJU2_YEAST	jgi|Issorie2|323905|gm1.1167_g	40.777
sp|P34247|UTP11_YEAST	jgi|Issorie2|336365|fgenesh1_pm.29_#_14	48.413
sp|P34244|HSL1_YEAST	jgi|Issorie2|249280|e_gw1.2.2259.1	52.941
sp|P14742|GFA1_YEAST	jgi|Issorie2|253106|e_gw1.4.532.1	60.111
sp|P34252|SLD2_YEAST	jgi|Issorie2|88685|CE88684_1621	24.359
sp|P32342|SRP21_YEAST	jgi|Issorie2|15|CE14_4808	39.506
sp|P36070|RRN3_YEAST	jgi|Issorie2|304926|fgenesh1_kg.2_#_996_#_TRINITY_DN1429_c3_g2_i1	29.644
sp|P33421|SDH3_YEAST	jgi|Issorie2|304997|fgenesh1_kg.2_#_1067_#_TRINITY_DN1079_c0_g1_i1	43.333
sp|P35718|RPC8_YEAST	jgi|Issorie2|204822|CE204821_1396	51.415
sp|P33299|PRS7_YEAST	jgi|Issorie2|308090|fgenesh1_kg.7_#_466_#_TRINITY_DN947_c0_g1_i1	80.388
sp|P00950|PMG1_YEAST	jgi|Issorie2|306386|fgenesh1_kg.4_#_406_#_TRINITY_DN1251_c3_g4_i1	80.408
sp|P36057|SRPB_YEAST	jgi|Issorie2|325066|gm1.2328_g	34.146
sp|P36051|MCD4_YEAST	jgi|Issorie2|141054|CE141053_2987	55.603
sp|P05986|KAPC_YEAST	jgi|Issorie2|247359|e_gw1.1.835.1	73.636
sp|P36049|EBP2_YEAST	jgi|Issorie2|241107|gw1.4.566.1	66.842
sp|P36048|SN114_YEAST	jgi|Issorie2|253186|e_gw1.4.15.1	35.407
sp|P05740|RL17A_YEAST	jgi|Issorie2|308015|fgenesh1_kg.7_#_391_#_TRINITY_DN1195_c2_g3_i1	78.804
sp|Q12331|YFAS1_YEAST	jgi|Issorie2|340263|estExt_Genemark1.C_40477	30.811
sp|P34232|MTR2_YEAST	jgi|Issorie2|305500|fgenesh1_kg.3_#_371_#_TRINITY_DN1071_c0_g12_i1	30.769
sp|P32464|HYM1_YEAST	jgi|Issorie2|86518|CE86517_6438	39.674
sp|P32463|ACPM_YEAST	jgi|Issorie2|324070|gm1.1332_g	40.441
sp|P36047|SDS22_YEAST	jgi|Issorie2|17448|CE17447_32207	46.828
sp|P36046|MIA40_YEAST	jgi|Issorie2|148976|CE148975_19226	75.000
sp|P36015|YKT6_YEAST	jgi|Issorie2|148975|CE148974_14568	60.891
sp|P32600|TOR2_YEAST	jgi|Issorie2|34447|CE34446_28486	53.065
sp|P33418|XPOT_YEAST	jgi|Issorie2|303594|fgenesh1_kg.1_#_850_#_TRINITY_DN1325_c0_g1_i1	26.809
sp|P22515|UBA1_YEAST	jgi|Issorie2|305853|fgenesh1_kg.3_#_724_#_TRINITY_DN1538_c2_g2_i1	65.243
sp|P29468|PAP_YEAST	jgi|Issorie2|333609|fgenesh1_pm.3_#_432	59.319
sp|Q02206|RSC4_YEAST	jgi|Issorie2|334495|fgenesh1_pm.7_#_120	37.143
sp|P36132|KAE1_YEAST	jgi|Issorie2|304109|fgenesh1_kg.2_#_179_#_TRINITY_DN571_c0_g1_i1	67.546
sp|P36145|T2EB_YEAST	jgi|Issorie2|313732|fgenesh1_pg.1_#_709	35.021
sp|P36146|LAS1_YEAST	jgi|Issorie2|828|CE827_2618	38.857
sp|P36149|BET3_YEAST	jgi|Issorie2|333205|fgenesh1_pm.3_#_28	51.515
sp|P36152|DRE2_YEAST	jgi|Issorie2|324847|gm1.2109_g	31.714
sp|P36159|RNZ_YEAST	jgi|Issorie2|262163|e_gw1.29.62.1	33.559
sp|P36160|RPF2_YEAST	jgi|Issorie2|311827|fgenesh1_kg.29_#_69_#_TRINITY_DN919_c1_g2_i1	58.166
sp|P36162|DAD2_YEAST	jgi|Issorie2|13886|CE13885_11426	32.468
sp|P15938|PRP16_YEAST	jgi|Issorie2|28799|CE28798_19712	44.148
sp|Q12369|SFI1_YEAST	jgi|Issorie2|305911|fgenesh1_kg.3_#_782_#_TRINITY_DN1096_c0_g1_i1	21.162
sp|P54790|ORC3_YEAST	jgi|Issorie2|251383|e_gw1.3.1456.1	30.097
sp|P32892|DRS1_YEAST	jgi|Issorie2|305984|fgenesh1_kg.4_#_4_#_TRINITY_DN1418_c0_g2_i1	65.887
sp|P33750|DCA13_YEAST	jgi|Issorie2|305144|fgenesh1_kg.3_#_15_#_TRINITY_DN1230_c0_g1_i1	63.002
sp|P04802|SYDC_YEAST	jgi|Issorie2|345506|MIX42_31618_87	70.205
sp|Q07830|GPI13_YEAST	jgi|Issorie2|22511|CE22510_10521	41.836
sp|Q07844|RIX7_YEAST	jgi|Issorie2|261365|e_gw1.24.156.1	61.669
sp|Q07845|GRC3_YEAST	jgi|Issorie2|307675|fgenesh1_kg.7_#_51_#_TRINITY_DN1336_c0_g10_i1	26.633
sp|P32523|PRP19_YEAST	jgi|Issorie2|15098|CE15097_3530	37.324
sp|Q03048|COFI_YEAST	jgi|Issorie2|307946|fgenesh1_kg.7_#_322_#_TRINITY_DN1223_c1_g3_i1	76.923
sp|Q07896|NOC3_YEAST	jgi|Issorie2|272615|estExt_Genewise1.C_7_t10257	47.598
sp|Q04673|SSL1_YEAST	jgi|Issorie2|198054|CE198053_17689	48.359
sp|Q07914|TIM14_YEAST	jgi|Issorie2|21604|CE21603_16582	60.345
sp|Q07915|RLP24_YEAST	jgi|Issorie2|3732|CE3731_5281	87.234
sp|Q07928|GAT3_YEAST	jgi|Issorie2|90130|CE90129_6535	44.444
sp|P38804|SDO1L_YEAST	jgi|Issorie2|307825|fgenesh1_kg.7_#_201_#_TRINITY_DN687_c0_g2_i1	39.560
sp|P53953|SFB2_YEAST	jgi|Issorie2|349367|MIX3903_306_18	39.189
sp|P05748|RL15A_YEAST	jgi|Issorie2|159821|CE159820_80506	83.824
sp|Q07979|RSC58_YEAST	jgi|Issorie2|251123|e_gw1.3.671.1	27.470
sp|P46675|STU2_YEAST	jgi|Issorie2|25765|CE25764_10464	26.797
sp|Q12035|FCF2_YEAST	jgi|Issorie2|249031|e_gw1.2.537.1	42.478
sp|P54964|ORN_YEAST	jgi|Issorie2|332006|fgenesh1_pm.1_#_43	56.477
sp|P15624|SYFB_YEAST	jgi|Issorie2|90122|CE90121_29220	59.699
sp|P19263|MED14_YEAST	jgi|Issorie2|305662|fgenesh1_kg.3_#_533_#_TRINITY_DN1354_c2_g5_i1	26.217
sp|P41805|RL10_YEAST	jgi|Issorie2|306198|fgenesh1_kg.4_#_218_#_TRINITY_DN3818_c1_g2_i1	83.028
sp|P25385|BOS1_YEAST	jgi|Issorie2|305692|fgenesh1_kg.3_#_563_#_TRINITY_DN1085_c1_g2_i1	31.538
sp|Q12267|SMC4_YEAST	jgi|Issorie2|182162|CE182161_10138	41.814
sp|P39012|GAA1_YEAST	jgi|Issorie2|315612|fgenesh1_pg.3_#_294	36.213
sp|Q12347|HRT3_YEAST	jgi|Issorie2|316412|fgenesh1_pg.4_#_272	28.421
sp|Q12452|ERG27_YEAST	jgi|Issorie2|144141|CE144140_5648	56.686
sp|Q08032|CDC45_YEAST	jgi|Issorie2|247187|e_gw1.1.357.1	35.883
sp|P16658|SEN2_YEAST	jgi|Issorie2|234719|gw1.2.652.1	36.223
sp|Q12019|MDN1_YEAST	jgi|Issorie2|175432|CE175431_17113	45.625
sp|Q12102|CFT2_YEAST	jgi|Issorie2|314318|fgenesh1_pg.2_#_116	24.126
sp|Q12186|BBP_YEAST	jgi|Issorie2|251463|e_gw1.3.158.1	44.795
sp|Q12309|CLF1_YEAST	jgi|Issorie2|327326|gm1.4588_g	34.483
sp|Q12440|APC2_YEAST	jgi|Issorie2|139401|CE139400_2792	23.789
sp|Q12220|UTP12_YEAST	jgi|Issorie2|137490|CE137489_3929	45.360
sp|Q02983|RRN5_YEAST	jgi|Issorie2|323206|gm1.468_g	35.556
sp|Q12530|RMP1_YEAST	jgi|Issorie2|313502|fgenesh1_pg.1_#_479	27.329
sp|P43321|SMD3_YEAST	jgi|Issorie2|303042|fgenesh1_kg.1_#_298_#_TRINITY_DN1491_c0_g1_i1	55.814
sp|P52910|ACS2_YEAST	jgi|Issorie2|94913|CE94912_79201	68.296
sp|P10507|MPPB_YEAST	jgi|Issorie2|305852|fgenesh1_kg.3_#_723_#_TRINITY_DN1538_c1_g4_i1	59.226
sp|Q06245|SEC10_YEAST	jgi|Issorie2|323625|gm1.887_g	24.153
sp|P05759|RS31_YEAST	jgi|Issorie2|250049|e_gw1.2.2242.1	43.421
sp|P33322|CBF5_YEAST	jgi|Issorie2|15886|CE15885_36133	75.459
sp|Q06287|NEP1_YEAST	jgi|Issorie2|305670|fgenesh1_kg.3_#_541_#_TRINITY_DN1196_c0_g4_i1	80.233
sp|P14743|NMT_YEAST	jgi|Issorie2|163622|CE163621_7625	55.066
sp|P21304|PWP1_YEAST	jgi|Issorie2|311800|fgenesh1_kg.29_#_42_#_TRINITY_DN482_c0_g1_i1	52.069
sp|Q04491|SEC13_YEAST	jgi|Issorie2|302843|fgenesh1_kg.1_#_99_#_TRINITY_DN1155_c0_g2_i1	66.221
sp|P53378|TBG_YEAST	jgi|Issorie2|334476|fgenesh1_pm.7_#_101	41.432
sp|Q05791|CD123_YEAST	jgi|Issorie2|323388|gm1.650_g	44.068
sp|P47818|CCC1_YEAST	jgi|Issorie2|306292|fgenesh1_kg.4_#_312_#_TRINITY_DN1048_c0_g3_i1	51.235
sp|Q05946|UTP13_YEAST	jgi|Issorie2|304450|fgenesh1_kg.2_#_520_#_TRINITY_DN1054_c0_g1_i1	47.188
sp|P39520|IFH1_YEAST	jgi|Issorie2|304454|fgenesh1_kg.2_#_524_#_TRINITY_DN1150_c0_g2_i1	35.909
sp|P39520|IFH1_YEAST	jgi|Issorie2|304454|fgenesh1_kg.2_#_524_#_TRINITY_DN1150_c0_g2_i1	37.037
sp|P19073|CDC42_YEAST	jgi|Issorie2|139993|CE139992_26347	80.000
sp|P32618|YEF3_YEAST	jgi|Issorie2|311331|fgenesh1_kg.24_#_57_#_TRINITY_DN1402_c0_g3_i1	25.152
sp|P19882|HSP60_YEAST	jgi|Issorie2|305270|fgenesh1_kg.3_#_141_#_TRINITY_DN8821_c0_g1_i1	78.597
sp|Q06156|CND1_YEAST	jgi|Issorie2|83792|CE83791_6430	31.207
sp|P29496|MCM5_YEAST	jgi|Issorie2|251215|e_gw1.3.924.1	59.820
sp|Q06217|SMD2_YEAST	jgi|Issorie2|247484|e_gw1.1.1380.1	54.217
sp|Q06218|DBP9_YEAST	jgi|Issorie2|306373|fgenesh1_kg.4_#_393_#_TRINITY_DN1496_c3_g3_i1	54.855
sp|Q06224|YSH1_YEAST	jgi|Issorie2|307835|fgenesh1_kg.7_#_211_#_TRINITY_DN892_c0_g3_i1	52.006
sp|Q06224|YSH1_YEAST	jgi|Issorie2|307835|fgenesh1_kg.7_#_211_#_TRINITY_DN892_c0_g3_i1	29.457
sp|P32502|EI2BB_YEAST	jgi|Issorie2|180431|CE180430_14119	49.861
sp|Q05900|RU1C_YEAST	jgi|Issorie2|146419|CE146418_7316	55.556
sp|P37297|STT4_YEAST	jgi|Issorie2|306615|fgenesh1_kg.5_#_31_#_TRINITY_DN1500_c1_g1_i1	38.041
sp|P04821|CDC25_YEAST	jgi|Issorie2|91218|CE91217_12625	29.955
sp|P04821|CDC25_YEAST	jgi|Issorie2|91218|CE91217_12625	43.182
sp|P25655|NOT1_YEAST	jgi|Issorie2|327108|gm1.4370_g	33.598
sp|Q9URQ3|TAD3_YEAST	jgi|Issorie2|345643|MIX179_2350_73	32.219
sp|Q06168|SFH1_YEAST	jgi|Issorie2|303117|fgenesh1_kg.1_#_373_#_TRINITY_DN1084_c0_g1_i1	30.349
sp|P53769|CWC24_YEAST	jgi|Issorie2|169474|CE169473_5325	50.980
sp|Q06132|SGD1_YEAST	jgi|Issorie2|304337|fgenesh1_kg.2_#_407_#_TRINITY_DN1197_c0_g1_i1	36.116
sp|P05317|RLA0_YEAST	jgi|Issorie2|91249|CE91248_64238	68.590
sp|Q06142|IMB1_YEAST	jgi|Issorie2|308045|fgenesh1_kg.7_#_421_#_TRINITY_DN760_c0_g3_i1	50.230
sp|P06168|ILV5_YEAST	jgi|Issorie2|306499|fgenesh1_kg.4_#_519_#_TRINITY_DN1189_c0_g3_i1	81.283
sp|Q05937|STP3_YEAST	jgi|Issorie2|326252|gm1.3514_g	37.879
sp|P32915|SC61A_YEAST	jgi|Issorie2|95016|CE95015_16409	67.782
sp|P32794|AFG2_YEAST	jgi|Issorie2|331980|fgenesh1_pm.1_#_17	37.931
sp|P32432|SFP1_YEAST	jgi|Issorie2|315690|fgenesh1_pg.3_#_372	77.885
sp|P32432|SFP1_YEAST	jgi|Issorie2|315690|fgenesh1_pg.3_#_372	54.545
sp|P32432|SFP1_YEAST	jgi|Issorie2|315690|fgenesh1_pg.3_#_372	75.000
sp|Q06078|UTP21_YEAST	jgi|Issorie2|142807|CE142806_6477	51.613
sp|Q06411|SP382_YEAST	jgi|Issorie2|148977|CE148976_4828	60.000
sp|Q00416|SEN1_YEAST	jgi|Issorie2|3780|CE3779_9439	33.525
sp|P57743|LSM3_YEAST	jgi|Issorie2|307834|fgenesh1_kg.7_#_210_#_TRINITY_DN892_c0_g5_i1	50.000
sp|Q12745|SEC39_YEAST	jgi|Issorie2|286391|estExt_Genewise1Plus.C_3_t30330	23.597
sp|P41733|CDC91_YEAST	jgi|Issorie2|248577|e_gw1.1.172.1	35.252
sp|P27692|SPT5_YEAST	jgi|Issorie2|284278|estExt_Genewise1Plus.C_2_t30191	38.273
sp|Q04226|TAF11_YEAST	jgi|Issorie2|337647|estExt_Genemark1.C_1_t20136	40.845
sp|P51998|RL4P_YEAST	jgi|Issorie2|304805|fgenesh1_kg.2_#_875_#_TRINITY_DN215_c0_g1_i1	43.922
sp|P32500|NDC1_YEAST	jgi|Issorie2|100475|CE100474_3878	25.000
sp|P39682|PRP39_YEAST	jgi|Issorie2|142815|CE142814_4597	27.197
sp|Q04693|RSE1_YEAST	jgi|Issorie2|249667|e_gw1.2.146.1	24.177
sp|P38987|TEM1_YEAST	jgi|Issorie2|251777|e_gw1.3.1248.1	59.585
sp|P54784|ORC1_YEAST	jgi|Issorie2|333411|fgenesh1_pm.3_#_234	38.028
sp|Q04638|ITT1_YEAST	jgi|Issorie2|307797|fgenesh1_kg.7_#_173_#_TRINITY_DN1055_c0_g2_i1	31.731
sp|Q04636|POB3_YEAST	jgi|Issorie2|255430|e_gw1.7.69.1	52.142
sp|Q03630|BET5_YEAST	jgi|Issorie2|173562|CE173561_3090	35.354
sp|P09733|TBA1_YEAST	jgi|Issorie2|302854|fgenesh1_kg.1_#_110_#_TRINITY_DN1590_c0_g3_i1	81.859
sp|Q02773|RPM2_YEAST	jgi|Issorie2|306560|fgenesh1_kg.4_#_580_#_TRINITY_DN690_c0_g1_i1	26.709
sp|P23639|PSA2_YEAST	jgi|Issorie2|21169|CE21168_32155	77.200
sp|Q04500|UTP14_YEAST	jgi|Issorie2|262999|e_gw1.35.45.1	41.695
sp|P11747|TAF13_YEAST	jgi|Issorie2|240052|gw1.1.1355.1	43.617
sp|P29478|SEC65_YEAST	jgi|Issorie2|314684|fgenesh1_pg.2_#_482	43.273
sp|Q03750|TAF8_YEAST	jgi|Issorie2|148956|CE148955_9072	31.163
sp|Q12746|PGA3_YEAST	jgi|Issorie2|162353|CE162352_5583	49.677
sp|P54839|HMCS_YEAST	jgi|Issorie2|312148|fgenesh1_kg.35_#_1_#_TRINITY_DN852_c0_g4_i1	66.517
sp|Q03124|RSC9_YEAST	jgi|Issorie2|311775|fgenesh1_kg.29_#_17_#_TRINITY_DN1056_c0_g1_i1	31.954
sp|Q03103|ERO1_YEAST	jgi|Issorie2|302891|fgenesh1_kg.1_#_147_#_TRINITY_DN1378_c0_g1_i1	39.231
sp|P25656|CDC50_YEAST	jgi|Issorie2|193669|CE193668_13712	48.396
sp|P50105|TAF4_YEAST	jgi|Issorie2|83852|CE83851_9261	32.130
sp|P20048|SEC59_YEAST	jgi|Issorie2|197712|CE197711_9511	35.857
sp|Q04372|TAP42_YEAST	jgi|Issorie2|304948|fgenesh1_kg.2_#_1018_#_TRINITY_DN1107_c1_g2_i1	44.348
sp|Q05080|CYK2_YEAST	jgi|Issorie2|102666|CE102665_8522	24.549
sp|Q05123|ARP9_YEAST	jgi|Issorie2|303713|fgenesh1_kg.1_#_969_#_TRINITY_DN1299_c0_g4_i1	35.657
sp|P32354|MCM10_YEAST	jgi|Issorie2|100456|CE100455_8462	28.922
sp|Q02630|NU116_YEAST	jgi|Issorie2|304522|fgenesh1_kg.2_#_592_#_TRINITY_DN595_c0_g1_i2	34.470
sp|Q02630|NU116_YEAST	jgi|Issorie2|304522|fgenesh1_kg.2_#_592_#_TRINITY_DN595_c0_g1_i2	34.848
sp|Q04660|ERB1_YEAST	jgi|Issorie2|254143|e_gw1.5.1007.1	64.956
sp|P25298|RNA14_YEAST	jgi|Issorie2|303918|fgenesh1_kg.1_#_1174_#_TRINITY_DN1422_c0_g2_i1	26.316
sp|P54785|MOT3_YEAST	jgi|Issorie2|250172|e_gw1.2.235.1	36.842
sp|Q04767|TVP18_YEAST	jgi|Issorie2|96456|CE96455_16489	43.030
sp|Q04264|PDS5_YEAST	jgi|Issorie2|152635|CE152634_2635	31.437
sp|P24280|SEC14_YEAST	jgi|Issorie2|305851|fgenesh1_kg.3_#_722_#_TRINITY_DN1538_c1_g3_i3	73.898
sp|Q04305|UTP15_YEAST	jgi|Issorie2|88686|CE88685_10311	48.054
sp|Q12676|FOLD_YEAST	jgi|Issorie2|304241|fgenesh1_kg.2_#_311_#_TRINITY_DN1492_c0_g3_i1	39.302
sp|Q04477|SPC24_YEAST	jgi|Issorie2|143160|CE143159_7106	37.931
sp|Q04217|DHR1_YEAST	jgi|Issorie2|251123|e_gw1.3.671.1	52.099
sp|Q04225|RRB1_YEAST	jgi|Issorie2|169481|CE169480_14566	62.282
sp|P40207|ERG29_YEAST	jgi|Issorie2|323797|gm1.1059_g	34.615
sp|P40217|EIF3I_YEAST	jgi|Issorie2|306874|fgenesh1_kg.5_#_290_#_TRINITY_DN1004_c2_g1_i1	53.736
sp|Q02795|OSTD_YEAST	jgi|Issorie2|94693|CE94692_8419	30.144
sp|Q03825|MSS11_YEAST	jgi|Issorie2|315149|fgenesh1_pg.2_#_947	28.814
sp|P40969|CBF3B_YEAST	jgi|Issorie2|175450|CE175449_7329	60.000
sp|P35209|SPT21_YEAST	jgi|Issorie2|255232|e_gw1.7.305.1	36.000
sp|Q04338|VTI1_YEAST	jgi|Issorie2|304483|fgenesh1_kg.2_#_553_#_TRINITY_DN1557_c0_g5_i1	41.000
sp|Q03691|ROT1_YEAST	jgi|Issorie2|250738|e_gw1.2.634.1	54.274
sp|P23644|TOM40_YEAST	jgi|Issorie2|269777|estExt_Genewise1.C_3_t30257	49.100
sp|P07277|KIME_YEAST	jgi|Issorie2|92174|CE92173_7126	45.301
sp|Q03654|CEF1_YEAST	jgi|Issorie2|305538|fgenesh1_kg.3_#_409_#_TRINITY_DN733_c0_g1_i1	49.618
sp|Q03660|TR130_YEAST	jgi|Issorie2|91159|CE91158_4187	20.787
sp|P24521|ERG8_YEAST	jgi|Issorie2|177719|CE177718_7999	38.074
sp|Q05021|TAF7_YEAST	jgi|Issorie2|253110|e_gw1.4.675.1	37.339
sp|Q05021|TAF7_YEAST	jgi|Issorie2|253110|e_gw1.4.675.1	39.506
sp|Q05022|RRP5_YEAST	jgi|Issorie2|295487|estExt_Genewise1Plus.C_290114	41.403
sp|P11745|RNA1_YEAST	jgi|Issorie2|255396|e_gw1.7.395.1	44.413
sp|Q05027|TAF9_YEAST	jgi|Issorie2|248804|e_gw1.1.1430.1	58.621
sp|Q02555|RNT1_YEAST	jgi|Issorie2|306642|fgenesh1_kg.5_#_58_#_TRINITY_DN1091_c0_g2_i1	31.077
sp|Q02555|RNT1_YEAST	jgi|Issorie2|306642|fgenesh1_kg.5_#_58_#_TRINITY_DN1091_c0_g2_i1	32.075
sp|Q02554|CUS1_YEAST	jgi|Issorie2|173465|CE173464_6230	36.207
sp|P38912|IF1A_YEAST	jgi|Issorie2|105707|CE105706_23542	73.485
sp|P49960|PRP24_YEAST	jgi|Issorie2|282830|estExt_Genewise1Plus.C_1_t40267	21.630
sp|Q03254|FCP1_YEAST	jgi|Issorie2|251189|e_gw1.3.891.1	37.444
sp|P23797|GPI12_YEAST	jgi|Issorie2|306172|fgenesh1_kg.4_#_192_#_TRINITY_DN1434_c0_g6_i1	32.862
sp|P49955|SF3B1_YEAST	jgi|Issorie2|171746|CE171745_9473	48.230
sp|Q03532|HAS1_YEAST	jgi|Issorie2|199382|CE199381_7446	82.516
sp|P25045|LCB1_YEAST	jgi|Issorie2|305892|fgenesh1_kg.3_#_763_#_TRINITY_DN1191_c0_g1_i1	39.259
sp|P40416|ATM1_YEAST	jgi|Issorie2|359466|estExt_fgenesh1_pg.C_4_t10101	61.381
sp|P32337|IMB3_YEAST	jgi|Issorie2|13666|CE13665_29990	48.676
sp|P33420|NIP80_YEAST	jgi|Issorie2|28746|CE28745_10028	26.111
sp|P40302|PSA6_YEAST	jgi|Issorie2|316810|fgenesh1_pg.5_#_169	63.404
sp|P40693|RLP7_YEAST	jgi|Issorie2|101690|CE101689_10590	41.768
sp|P41318|LST8_YEAST	jgi|Issorie2|248682|e_gw1.1.1693.1	70.358
sp|P25294|SIS1_YEAST	jgi|Issorie2|15730|CE15729_82579	50.552
sp|P53974|ARK1_YEAST	jgi|Issorie2|91331|CE91330_13642	59.547
sp|P53969|SAM50_YEAST	jgi|Issorie2|317804|fgenesh1_pg.7_#_223	31.151
sp|P46678|TFC5_YEAST	jgi|Issorie2|91391|CE91390_23348	32.143
sp|P40991|NOP2_YEAST	jgi|Issorie2|306610|fgenesh1_kg.5_#_26_#_TRINITY_DN1295_c0_g4_i1	67.537
sp|P41814|TRM6_YEAST	jgi|Issorie2|326226|gm1.3488_g	33.195
sp|P53941|IMP4_YEAST	jgi|Issorie2|29622|CE29621_5513	68.966
sp|P06786|TOP2_YEAST	jgi|Issorie2|106541|CE106540_2600	60.397
sp|P38121|DPOA2_YEAST	jgi|Issorie2|307779|fgenesh1_kg.7_#_155_#_TRINITY_DN1451_c1_g1_i1	39.848
sp|P38121|DPOA2_YEAST	jgi|Issorie2|307779|fgenesh1_kg.7_#_155_#_TRINITY_DN1451_c1_g1_i1	32.877
sp|P32389|MET4_YEAST	jgi|Issorie2|317853|fgenesh1_pg.7_#_272	40.278
sp|P32389|MET4_YEAST	jgi|Issorie2|317853|fgenesh1_pg.7_#_272	35.417
sp|P53927|NOP15_YEAST	jgi|Issorie2|331976|fgenesh1_pm.1_#_13	37.662
sp|P24783|DBP2_YEAST	jgi|Issorie2|6587|CE6586_11445	81.199
sp|P28000|RPAC2_YEAST	jgi|Issorie2|6588|CE6587_3655	63.934
sp|P53550|DCP2_YEAST	jgi|Issorie2|324240|gm1.1502_g	40.574
sp|P53919|NAF1_YEAST	jgi|Issorie2|306454|fgenesh1_kg.4_#_474_#_TRINITY_DN668_c0_g1_i1	45.625
sp|P53540|SPC98_YEAST	jgi|Issorie2|169675|CE169674_2527	25.338
sp|P49334|TOM22_YEAST	jgi|Issorie2|243500|gw1.4.710.1	42.857
sp|P53914|NAT10_YEAST	jgi|Issorie2|340183|estExt_Genemark1.C_40393	68.267
sp|P27929|NAM9_YEAST	jgi|Issorie2|306607|fgenesh1_kg.5_#_23_#_TRINITY_DN887_c0_g1_i1	47.862
sp|P0C074|YSF3_YEAST	jgi|Issorie2|178550|CE178549_8955	38.158
sp|P53903|PGA2_YEAST	jgi|Issorie2|348406|MIX2942_10568_93	39.516
sp|P17890|RPC7_YEAST	jgi|Issorie2|162429|CE162428_6149	40.789
sp|P53901|INN1_YEAST	jgi|Issorie2|162461|CE162460_3165	31.250
sp|P53894|CBK1_YEAST	jgi|Issorie2|253156|e_gw1.4.139.1	74.899
sp|P0CX27|RL44A_YEAST	jgi|Issorie2|306558|fgenesh1_kg.4_#_578_#_TRINITY_DN1421_c0_g1_i2	88.679
sp|P53893|RIA1_YEAST	jgi|Issorie2|99108|CE99107_25169	52.817
sp|P53893|RIA1_YEAST	jgi|Issorie2|99108|CE99107_25169	46.595
sp|P53893|RIA1_YEAST	jgi|Issorie2|99108|CE99107_25169	43.229
sp|P53886|APC1_YEAST	jgi|Issorie2|304649|fgenesh1_kg.2_#_719_#_TRINITY_DN1445_c0_g2_i1	33.089
sp|P53886|APC1_YEAST	jgi|Issorie2|304649|fgenesh1_kg.2_#_719_#_TRINITY_DN1445_c0_g2_i1	33.508
sp|P0CX33|RS30A_YEAST	jgi|Issorie2|303660|fgenesh1_kg.1_#_916_#_TRINITY_DN1591_c0_g1_i4	82.759
sp|P53878|YNS1_YEAST	jgi|Issorie2|106684|CE106683_18842	42.260
sp|P53877|IPI3_YEAST	jgi|Issorie2|305006|fgenesh1_kg.2_#_1076_#_TRINITY_DN1138_c0_g12_i2	30.612
sp|P38985|SRP14_YEAST	jgi|Issorie2|90485|CE90484_5795	32.456
sp|P40160|RIO2_YEAST	jgi|Issorie2|305021|fgenesh1_kg.2_#_1091_#_TRINITY_DN609_c0_g1_i1	57.078
sp|P11938|RAP1_YEAST	jgi|Issorie2|254208|e_gw1.5.248.1	33.730
sp|P41812|POP1_YEAST	jgi|Issorie2|89073|CE89072_6686	32.376
sp|P53538|SSU72_YEAST	jgi|Issorie2|333284|fgenesh1_pm.3_#_107	46.729
sp|P53859|CSL4_YEAST	jgi|Issorie2|22577|CE22576_4822	35.417
sp|P23503|NAR1_YEAST	jgi|Issorie2|198753|CE198752_9521	37.856
sp|P32911|SUI1_YEAST	jgi|Issorie2|332512|fgenesh1_pm.1_#_549	81.308
sp|P53854|CWC25_YEAST	jgi|Issorie2|237684|gw1.1.1031.1	32.584
sp|P53852|SYC_YEAST	jgi|Issorie2|325034|gm1.2296_g	53.203
sp|P53617|NRD1_YEAST	jgi|Issorie2|250457|e_gw1.2.1705.1	39.735
sp|P53848|FOL1_YEAST	jgi|Issorie2|337877|estExt_Genemark1.C_1_t20378	38.209
sp|P50874|ORC5_YEAST	jgi|Issorie2|324311|gm1.1573_g	22.549
sp|P21951|DPOE_YEAST	jgi|Issorie2|101873|CE101872_4653	52.858
sp|P53845|YIF1_YEAST	jgi|Issorie2|304837|fgenesh1_kg.2_#_907_#_TRINITY_DN1411_c0_g1_i1	32.281
sp|P39104|PIK1_YEAST	jgi|Issorie2|252184|e_gw1.3.928.1	43.463
sp|P22214|SEC22_YEAST	jgi|Issorie2|347142|MIX1678_3469_82	31.613
sp|P38629|RFC3_YEAST	jgi|Issorie2|345481|MIX17_5059_73	63.497
sp|P42847|RT18_YEAST	jgi|Issorie2|308057|fgenesh1_kg.7_#_433_#_TRINITY_DN1195_c0_g2_i1	49.664
sp|P42846|KRI1_YEAST	jgi|Issorie2|204902|CE204901_6980	41.349
sp|P42844|ZIM17_YEAST	jgi|Issorie2|250478|e_gw1.2.1210.1	60.377
sp|P26754|RFA2_YEAST	jgi|Issorie2|323305|gm1.567_g	30.877
sp|P42841|PFS2_YEAST	jgi|Issorie2|136560|CE136559_4763	39.735
sp|P32910|RPC6_YEAST	jgi|Issorie2|170344|CE170343_3655	41.994
sp|P32524|PRP21_YEAST	jgi|Issorie2|315275|fgenesh1_pg.2_#_1073	23.226
sp|Q00955|ACAC_YEAST	jgi|Issorie2|249574|e_gw1.2.1899.1	68.989
sp|P32897|TIM23_YEAST	jgi|Issorie2|105684|CE105683_18159	44.398
sp|P11655|SEC12_YEAST	jgi|Issorie2|236912|gw1.5.329.1	41.755
sp|P53731|ARPC2_YEAST	jgi|Issorie2|265114|estExt_Genewise1.C_1_t20109	45.480
sp|P53734|DBP6_YEAST	jgi|Issorie2|249285|e_gw1.2.428.1	40.328
sp|P32377|MVD1_YEAST	jgi|Issorie2|9751|CE9750_5595	61.421
sp|P53738|TR112_YEAST	jgi|Issorie2|100710|CE100709_1028	51.852
sp|P53742|NOG2_YEAST	jgi|Issorie2|334376|fgenesh1_pm.7_#_1	75.417
sp|P53743|ESF2_YEAST	jgi|Issorie2|304562|fgenesh1_kg.2_#_632_#_TRINITY_DN1123_c1_g6_i1	56.281
sp|P38902|RPB11_YEAST	jgi|Issorie2|95501|CE95500_3162	60.345
sp|Q08096|RCL1_YEAST	jgi|Issorie2|83885|CE83884_2742	59.726
sp|Q08162|RRP44_YEAST	jgi|Issorie2|314177|fgenesh1_pg.1_#_1154	65.105
sp|P25040|TSR4_YEAST	jgi|Issorie2|177712|CE177711_6968	32.816
sp|Q08176|MIM1_YEAST	jgi|Issorie2|13832|CE13831_8641	53.488
sp|Q08204|SMC5_YEAST	jgi|Issorie2|334000|fgenesh1_pm.5_#_140	25.306
sp|P40303|PSA4_YEAST	jgi|Issorie2|333768|fgenesh1_pm.4_#_157	74.429
sp|Q01855|RS15_YEAST	jgi|Issorie2|304907|fgenesh1_kg.2_#_977_#_TRINITY_DN492_c0_g1_i2	68.702
sp|Q12362|RIB2_YEAST	jgi|Issorie2|248442|e_gw1.1.1428.1	55.453
sp|Q08235|BRX1_YEAST	jgi|Issorie2|182964|CE182963_33539	66.897
sp|P40339|RFC4_YEAST	jgi|Issorie2|347132|MIX1668_13801_96	57.185
sp|Q12109|SYWC_YEAST	jgi|Issorie2|145307|CE145306_16345	79.059
sp|Q12272|TPT1_YEAST	jgi|Issorie2|100700|CE100699_13163	41.558
sp|P0CX49|RL18A_YEAST	jgi|Issorie2|338007|estExt_Genemark1.C_1_t30010	75.145
sp|Q99383|HRP1_YEAST	jgi|Issorie2|30814|CE30813_39697	54.167
sp|P23369|RM25_YEAST	jgi|Issorie2|332090|fgenesh1_pm.1_#_127	46.853
sp|Q08269|ALR1_YEAST	jgi|Issorie2|255433|e_gw1.7.508.1	52.102
sp|Q08273|RBX1_YEAST	jgi|Issorie2|250656|e_gw1.2.1612.1	48.246
sp|Q08278|MED7_YEAST	jgi|Issorie2|324534|gm1.1796_g	34.437
sp|P07260|IF4E_YEAST	jgi|Issorie2|302974|fgenesh1_kg.1_#_230_#_TRINITY_DN1115_c0_g1_i1	52.778
sp|Q08287|NOP8_YEAST	jgi|Issorie2|95527|CE95526_10016	27.154
sp|Q12146|PSF3_YEAST	jgi|Issorie2|324448|gm1.1710_g	30.208
sp|Q12517|DCP1_YEAST	jgi|Issorie2|323872|gm1.1134_g	27.027
sp|Q12339|UTP23_YEAST	jgi|Issorie2|86337|CE86336_7332	46.479
sp|P38910|CH10_YEAST	jgi|Issorie2|149051|CE149050_69455	56.436
sp|P20449|DBP5_YEAST	jgi|Issorie2|160863|CE160862_27116	64.198
sp|Q02792|XRN2_YEAST	jgi|Issorie2|252556|e_gw1.4.183.1	48.884
sp|Q08444|NOB1_YEAST	jgi|Issorie2|107364|CE107363_9663	45.102
sp|Q08446|SGT1_YEAST	jgi|Issorie2|107383|CE107382_14510	30.056
sp|P41056|RL33B_YEAST	jgi|Issorie2|306848|fgenesh1_kg.5_#_264_#_TRINITY_DN863_c0_g2_i1	80.374
sp|P06785|TYSY_YEAST	jgi|Issorie2|303185|fgenesh1_kg.1_#_441_#_TRINITY_DN1306_c1_g10_i1	72.148
sp|P40962|RTS2_YEAST	jgi|Issorie2|250530|e_gw1.2.288.1	44.697
sp|Q12189|RPIA_YEAST	jgi|Issorie2|90829|CE90828_4358	56.723
sp|P47054|NU192_YEAST	jgi|Issorie2|283303|estExt_Genewise1Plus.C_2_t10170	29.493
sp|P46964|OST2_YEAST	jgi|Issorie2|169956|CE169955_19943	52.475
sp|Q12241|VAM3_YEAST	jgi|Issorie2|3413|CE3412_35597	32.353
sp|Q12415|TFC7_YEAST	jgi|Issorie2|253125|e_gw1.4.637.1	36.256
sp|P04051|RPC1_YEAST	jgi|Issorie2|306579|fgenesh1_kg.4_#_599_#_TRINITY_DN1496_c1_g2_i1	73.845
sp|P33297|PRS6A_YEAST	jgi|Issorie2|316632|fgenesh1_pg.4_#_492	79.493
sp|Q12196|RIO1_YEAST	jgi|Issorie2|331225|gm1.8487_g	49.091
sp|P07274|PROF_YEAST	jgi|Issorie2|305105|fgenesh1_kg.2_#_1175_#_TRINITY_DN1246_c0_g3_i1	56.349
sp|P35202|THI80_YEAST	jgi|Issorie2|3213|CE3212_7302	34.030
sp|Q04174|SMP3_YEAST	jgi|Issorie2|21268|CE21267_2011	33.465
sp|P08518|RPB2_YEAST	jgi|Issorie2|307022|fgenesh1_kg.5_#_438_#_TRINITY_DN694_c0_g1_i1	70.095
sp|P25043|PSB2_YEAST	jgi|Issorie2|304619|fgenesh1_kg.2_#_689_#_TRINITY_DN1148_c0_g1_i1	79.457
sp|Q12330|RUXE_YEAST	jgi|Issorie2|250320|e_gw1.2.1543.1	50.617
sp|Q99189|MTR10_YEAST	jgi|Issorie2|83751|CE83750_7003	32.577
sp|P13188|SYQ_YEAST	jgi|Issorie2|306374|fgenesh1_kg.4_#_394_#_TRINITY_DN804_c0_g1_i1	59.268
sp|Q12343|MED4_YEAST	jgi|Issorie2|135092|CE135091_5824	35.802
sp|P16622|HEMH_YEAST	jgi|Issorie2|83793|CE83792_34389	59.610
sp|Q12446|LAS17_YEAST	jgi|Issorie2|317010|fgenesh1_pg.5_#_369	49.640
sp|P32773|TOA1_YEAST	jgi|Issorie2|140573|CE140572_14410	41.860
sp|P32773|TOA1_YEAST	jgi|Issorie2|140573|CE140572_14410	60.870
sp|P06634|DED1_YEAST	jgi|Issorie2|326355|gm1.3617_g	66.126
sp|P39744|NOC2_YEAST	jgi|Issorie2|243473|gw1.5.812.1	50.646
sp|P22276|RPC2_YEAST	jgi|Issorie2|349276|MIX3812_10661_92	79.664
sp|P22139|RPAB5_YEAST	jgi|Issorie2|143780|CE143779_31595	77.143
sp|P38630|RFC1_YEAST	jgi|Issorie2|179312|CE179311_10193	47.444
sp|P20436|RPAB3_YEAST	jgi|Issorie2|168714|CE168713_4255	58.000
sp|P38523|GRPE_YEAST	jgi|Issorie2|306838|fgenesh1_kg.5_#_254_#_TRINITY_DN1252_c0_g1_i1	65.517
sp|Q01919|KIN4_YEAST	jgi|Issorie2|305071|fgenesh1_kg.2_#_1141_#_TRINITY_DN658_c0_g1_i1	42.806
sp|P07807|DYR_YEAST	jgi|Issorie2|179281|CE179280_2204	38.710
sp|Q08649|ESA1_YEAST	jgi|Issorie2|236269|gw1.3.675.1	43.289
sp|Q08683|APC5_YEAST	jgi|Issorie2|3186|CE3185_2794	26.540
sp|Q08685|CLP1_YEAST	jgi|Issorie2|312004|fgenesh1_kg.32_#_42_#_TRINITY_DN816_c0_g1_i1	32.743
sp|P14906|SEC63_YEAST	jgi|Issorie2|86346|CE86345_6480	46.970
sp|Q08693|TRE2_YEAST	jgi|Issorie2|28425|CE28424_12654	26.853
sp|P06704|CDC31_YEAST	jgi|Issorie2|303690|fgenesh1_kg.1_#_946_#_TRINITY_DN1083_c0_g1_i1	70.130
sp|P53549|PRS10_YEAST	jgi|Issorie2|287715|estExt_Genewise1Plus.C_5_t10475	74.371
sp|P41814|TRM6_YEAST	jgi|Issorie2|326226|gm1.3488_g	33.195
sp|Q08723|RPN8_YEAST	jgi|Issorie2|332932|fgenesh1_pm.2_#_355	53.116
sp|Q12029|FSF1_YEAST	jgi|Issorie2|124438|CE124437_5547	70.336
sp|Q12024|YTM1_YEAST	jgi|Issorie2|92173|CE92172_5335	54.113
sp|P06174|HEM4_YEAST	jgi|Issorie2|91149|CE91148_2793	40.385
sp|Q12017|PLP2_YEAST	jgi|Issorie2|91294|CE91293_3786	51.984
sp|Q08746|RRS1_YEAST	jgi|Issorie2|313619|fgenesh1_pg.1_#_596	50.515
sp|Q12499|NOP58_YEAST	jgi|Issorie2|88076|CE88075_26127	78.355
sp|Q99181|HSH49_YEAST	jgi|Issorie2|282830|estExt_Genewise1Plus.C_1_t40267	30.814
sp|P19524|MYO2_YEAST	jgi|Issorie2|161948|CE161947_36103	50.350
sp|P34758|SCD5_YEAST	jgi|Issorie2|313879|fgenesh1_pg.1_#_856	31.152
sp|P40825|SYA_YEAST	jgi|Issorie2|305194|fgenesh1_kg.3_#_65_#_TRINITY_DN982_c0_g2_i1	70.063
sp|P22023|KRE5_YEAST	jgi|Issorie2|162434|CE162433_15246	30.455
sp|P22023|KRE5_YEAST	jgi|Issorie2|162434|CE162433_15246	20.955
sp|P46669|RPA43_YEAST	jgi|Issorie2|25450|CE25449_8295	41.897
sp|P10964|RPA1_YEAST	jgi|Issorie2|304181|fgenesh1_kg.2_#_251_#_TRINITY_DN1226_c0_g1_i1	67.221
sp|Q08817|SOG2_YEAST	jgi|Issorie2|326240|gm1.3502_g	27.675
sp|P06103|EIF3B_YEAST	jgi|Issorie2|250116|e_gw1.2.1587.1	43.314
sp|P21242|PSA7_YEAST	jgi|Issorie2|9332|CE9331_51346	72.691
sp|P32864|RAEP_YEAST	jgi|Issorie2|304013|fgenesh1_kg.2_#_83_#_TRINITY_DN1247_c0_g5_i1	46.503
sp|P32336|NUD1_YEAST	jgi|Issorie2|305847|fgenesh1_kg.3_#_718_#_TRINITY_DN1538_c0_g2_i1	28.465
sp|P53600|COPZ_YEAST	jgi|Issorie2|323477|gm1.739_g	49.733
sp|Q12297|TAF3_YEAST	jgi|Issorie2|313552|fgenesh1_pg.1_#_529	34.884
sp|Q12754|RRP12_YEAST	jgi|Issorie2|303274|fgenesh1_kg.1_#_530_#_TRINITY_DN974_c0_g2_i2	40.723
sp|P09547|SWI1_YEAST	jgi|Issorie2|287751|estExt_Genewise1Plus.C_5_t20014	27.373
sp|Q02724|ULP1_YEAST	jgi|Issorie2|323474|gm1.736_g	34.737
sp|P41338|THIL_YEAST	jgi|Issorie2|11152|CE11151_26023	70.886
sp|P37838|NOP4_YEAST	jgi|Issorie2|353486|estExt_fgenesh1_pm.C_40147	51.528
sp|Q02776|TIM50_YEAST	jgi|Issorie2|303491|fgenesh1_kg.1_#_747_#_TRINITY_DN826_c1_g5_i1	45.513
sp|P46961|GPI2_YEAST	jgi|Issorie2|248783|e_gw1.1.1967.1	32.087
sp|P32333|MOT1_YEAST	jgi|Issorie2|286773|estExt_Genewise1Plus.C_4_t10302	48.407
sp|Q02825|SEN54_YEAST	jgi|Issorie2|247308|e_gw1.1.893.1	31.053
sp|P48415|SEC16_YEAST	jgi|Issorie2|305091|fgenesh1_kg.2_#_1161_#_TRINITY_DN1438_c0_g1_i1	28.520
sp|P48415|SEC16_YEAST	jgi|Issorie2|305091|fgenesh1_kg.2_#_1161_#_TRINITY_DN1438_c0_g1_i1	45.205
sp|Q02892|NOG1_YEAST	jgi|Issorie2|305936|fgenesh1_kg.3_#_807_#_TRINITY_DN1521_c2_g6_i1	73.498
sp|P21825|SEC62_YEAST	jgi|Issorie2|21610|CE21609_6582	41.603
sp|P15496|IDI1_YEAST	jgi|Issorie2|306283|fgenesh1_kg.4_#_303_#_TRINITY_DN1215_c0_g2_i1	59.431
sp|Q02939|TFB2_YEAST	jgi|Issorie2|349266|MIX3802_6704_90	39.967
sp|Q02931|UTP17_YEAST	jgi|Issorie2|143951|CE143950_8910	25.586
sp|Q02457|TBF1_YEAST	jgi|Issorie2|305378|fgenesh1_kg.3_#_249_#_TRINITY_DN1208_c0_g1_i1	35.727
sp|Q06090|RM51_YEAST	jgi|Issorie2|30127|CE30126_23476	48.993
sp|Q03016|GIP3_YEAST	jgi|Issorie2|136281|CE136280_20790	35.067
sp|P05744|RL33A_YEAST	jgi|Issorie2|306848|fgenesh1_kg.5_#_264_#_TRINITY_DN863_c0_g2_i1	80.374
sp|Q12080|NOP53_YEAST	jgi|Issorie2|333189|fgenesh1_pm.3_#_12	42.827
sp|Q12417|PRP46_YEAST	jgi|Issorie2|255120|e_gw1.7.498.1	46.541
sp|P22216|RAD53_YEAST	jgi|Issorie2|261367|e_gw1.24.131.1	46.080
sp|P26637|SYLC_YEAST	jgi|Issorie2|304477|fgenesh1_kg.2_#_547_#_TRINITY_DN1316_c0_g1_i1	62.763
sp|Q99257|MEX67_YEAST	jgi|Issorie2|315937|fgenesh1_pg.3_#_619	39.478
sp|P32363|GPI3_YEAST	jgi|Issorie2|28747|CE28746_4633	55.631
sp|P38996|NAB3_YEAST	jgi|Issorie2|11459|CE11458_14885	25.770
sp|P06245|KAPB_YEAST	jgi|Issorie2|247359|e_gw1.1.835.1	81.180
sp|P29295|HRR25_YEAST	jgi|Issorie2|143823|CE143822_23844	53.268
sp|Q08960|TYW1_YEAST	jgi|Issorie2|306201|fgenesh1_kg.4_#_221_#_TRINITY_DN1558_c3_g12_i1	59.350
sp|P38991|IPL1_YEAST	jgi|Issorie2|247359|e_gw1.1.835.1	37.066
sp|P38688|SRP72_YEAST	jgi|Issorie2|17060|CE17059_29956	28.253
sp|Q08962|NIP7_YEAST	jgi|Issorie2|15679|CE15678_4697	79.006
sp|Q08965|BMS1_YEAST	jgi|Issorie2|305709|fgenesh1_kg.3_#_580_#_TRINITY_DN1302_c0_g1_i1	56.694
sp|P20606|SAR1_YEAST	jgi|Issorie2|305706|fgenesh1_kg.3_#_577_#_TRINITY_DN1302_c0_g10_i1	75.401
sp|O13297|CET1_YEAST	jgi|Issorie2|249387|e_gw1.2.794.1	30.696
sp|P19097|FAS2_YEAST	jgi|Issorie2|304773|fgenesh1_kg.2_#_843_#_TRINITY_DN1525_c0_g4_i4	66.667
sp|Q12464|RUVB2_YEAST	jgi|Issorie2|354232|estExt_fgenesh1_pm.C_70192	59.071
sp|P09064|IF2B_YEAST	jgi|Issorie2|303812|fgenesh1_kg.1_#_1068_#_TRINITY_DN1362_c0_g1_i1	57.244
sp|Q12280|IQG1_YEAST	jgi|Issorie2|282224|estExt_Genewise1Plus.C_1_t30146	22.527
sp|P38687|SRP68_YEAST	jgi|Issorie2|347944|MIX2480_9145_100	26.645
sp|Q12184|ADRX_YEAST	jgi|Issorie2|338543|estExt_Genemark1.C_2_t10448	62.195
sp|P41819|DIM1_YEAST	jgi|Issorie2|105231|CE105230_5172	65.325
sp|P22138|RPA2_YEAST	jgi|Issorie2|14993|CE14992_11783	75.692
sp|Q12522|IF6_YEAST	jgi|Issorie2|172700|CE172699_25331	88.980
sp|P30665|MCM4_YEAST	jgi|Issorie2|332206|fgenesh1_pm.1_#_243	64.360
sp|P37366|CCL1_YEAST	jgi|Issorie2|248330|e_gw1.1.1716.1	35.655
sp|P07263|SYH_YEAST	jgi|Issorie2|304713|fgenesh1_kg.2_#_783_#_TRINITY_DN996_c0_g4_i1	66.310
sp|Q12406|ARP7_YEAST	jgi|Issorie2|99083|CE99082_7007	24.160
sp|P32288|GLNA_YEAST	jgi|Issorie2|306277|fgenesh1_kg.4_#_297_#_TRINITY_DN1328_c0_g1_i1	77.596
sp|Q12199|TIP41_YEAST	jgi|Issorie2|194160|CE194159_13262	43.342
sp|P38431|IF5_YEAST	jgi|Issorie2|333502|fgenesh1_pm.3_#_325	50.891
sp|Q12181|NDOR1_YEAST	jgi|Issorie2|250332|e_gw1.2.1434.1	37.420
sp|P32855|SEC8_YEAST	jgi|Issorie2|173545|CE173544_6815	24.026
sp|Q12004|TFB4_YEAST	jgi|Issorie2|250256|e_gw1.2.1473.1	41.954
sp|Q06819|DIB1_YEAST	jgi|Issorie2|161946|CE161945_16893	51.079
sp|Q06822|ASA1_YEAST	jgi|Issorie2|95301|CE95300_5182	24.727
sp|P29055|TF2B_YEAST	jgi|Issorie2|181349|CE181348_85353	48.943
sp|P20424|SRP54_YEAST	jgi|Issorie2|306811|fgenesh1_kg.5_#_227_#_TRINITY_DN1114_c0_g2_i1	61.101
sp|Q06835|RDS3_YEAST	jgi|Issorie2|99101|CE99100_2867	51.376
sp|P30656|PSB5_YEAST	jgi|Issorie2|303683|fgenesh1_kg.1_#_939_#_TRINITY_DN1072_c0_g3_i1	79.137
sp|P39521|FHL1_YEAST	jgi|Issorie2|28380|CE28379_5767	48.936
sp|P39521|FHL1_YEAST	jgi|Issorie2|28380|CE28379_5767	61.111
sp|Q06096|COG4_YEAST	jgi|Issorie2|288088|estExt_Genewise1Plus.C_5_t20378	24.176
sp|Q06102|YTH1_YEAST	jgi|Issorie2|251941|e_gw1.3.286.1	51.256
sp|Q06103|RPN7_YEAST	jgi|Issorie2|332162|fgenesh1_pm.1_#_199	51.214
sp|P07703|RPAC1_YEAST	jgi|Issorie2|249812|e_gw1.2.1674.1	72.455
sp|P32328|DBF20_YEAST	jgi|Issorie2|251354|e_gw1.3.854.1	57.168
sp|Q06106|MRD1_YEAST	jgi|Issorie2|200888|CE200887_9099	53.043
sp|P06197|PIS_YEAST	jgi|Issorie2|136845|CE136844_11164	52.113
sp|P30283|CGS5_YEAST	jgi|Issorie2|270094|estExt_Genewise1.C_4_t10126	49.458
sp|P49573|CTR1_YEAST	jgi|Issorie2|303049|fgenesh1_kg.1_#_305_#_TRINITY_DN1524_c1_g2_i1	34.962
sp|Q06493|YLH47_YEAST	jgi|Issorie2|332868|fgenesh1_pm.2_#_291	52.691
sp|Q06505|IWS1_YEAST	jgi|Issorie2|323563|gm1.825_g	44.364
sp|Q06506|RRP9_YEAST	jgi|Issorie2|333194|fgenesh1_pm.3_#_17	48.634
sp|Q06511|RRP15_YEAST	jgi|Issorie2|4534|CE4533_18096	46.231
sp|Q06512|NOC4_YEAST	jgi|Issorie2|149067|CE149066_1673	41.805
sp|P23293|BUR1_YEAST	jgi|Issorie2|333511|fgenesh1_pm.3_#_334	48.232
sp|P54791|ORC4_YEAST	jgi|Issorie2|332111|fgenesh1_pm.1_#_148	32.414
sp|P53046|ROM1_YEAST	jgi|Issorie2|303881|fgenesh1_kg.1_#_1137_#_TRINITY_DN1513_c0_g6_i1	36.295
sp|Q06213|MED10_YEAST	jgi|Issorie2|306877|fgenesh1_kg.5_#_293_#_TRINITY_DN1571_c0_g1_i1	42.636
sp|Q06214|JIP5_YEAST	jgi|Issorie2|29801|CE29800_3378	33.485
sp|P24482|DPB2_YEAST	jgi|Issorie2|248834|e_gw1.1.789.1	31.624
sp|P20133|PGTB2_YEAST	jgi|Issorie2|9429|CE9428_3169	55.911
sp|Q03776|PRP42_YEAST	jgi|Issorie2|152364|CE152363_1115	26.901
sp|Q06624|RHC31_YEAST	jgi|Issorie2|322924|gm1.186_g	33.333
sp|P15303|SEC23_YEAST	jgi|Issorie2|252464|e_gw1.3.531.1	45.776
sp|P54999|RUXF_YEAST	jgi|Issorie2|254326|e_gw1.5.556.1	46.988
sp|P14020|DPM1_YEAST	jgi|Issorie2|252035|e_gw1.3.858.1	31.250
sp|P39933|TF3A_YEAST	jgi|Issorie2|253435|e_gw1.5.1015.1	38.462
sp|P20435|RPAB2_YEAST	jgi|Issorie2|183214|CE183213_8401	64.925
sp|P32349|RPC3_YEAST	jgi|Issorie2|254000|e_gw1.5.797.1	28.217
