ID,30mer,CRISPRon
1_p_5,TAGATAAGGTCGCATGCCCGCAACTGGATT,35.41
2_p_5,AATTTCTTTAATACCTGTTGCGTATGGTCT,11.95
3_p_5,GCAACAGCAGCCATATCCGGACCCAGGGCG,57.38
4_p_5,TATGCCATGTCGTCATAGTCGAGTAGGAAC,42.14
5_p_5,ATCTCAGGACAGAACAGTATTGCATGGAAT,77.00
6_p_5,TAGAAGGCTCAGCACGGTGTAATTTGGAAA,19.89
7_p_5,ATGCTCTTCCGTGATCCAGGTGTTTGGGTT,36.90
8_p_5,ACTACGCGGAAAAGTTGTTGGCCCCGGAAA,27.40
9_p_5,CTATATACGCCAAAAGTGGCTAGCTGGATG,28.57
10_p_5,AGTGTTCTAGTGGCACAGTGCCATTGGGCT,29.61
11_p_5,AAAATGCCCCCTTCCAAATGGGCAAGGGAC,23.18
12_p_5,ATCACACAGCCCGAGCGCGTCGTGTGGCAA,54.35
13_p_5,GATTATCCTCTCTATGGACTCCCTAGGTAC,41.13
14_p_5,ACTCCCTAGGTACTGGCTGAAGTATGGGTA,48.79
14_m_4,TACCCATACTTCAGCCAGTACCTAGGGAGT,43.99
15_p_5,CGCCACCTGCGCAGCGGAGCGGGCCGGGGA,35.18
16_p_5,TAGAACTGTGGTCACGTGTGCATGCGGCGG,56.51
17_p_5,AATGGTAGCGTGTAGTGGTTAGACAGGTAG,46.28
18_p_5,CGGATACTTCCCAAAGGGGAGGGACGGAAT,33.68
19_p_5,AGTTTACGTCAGACCGGGCTTACCAGGACT,29.91
20_p_5,TACACTCCGTATGGCTAAGAGTGCAGGAAC,41.07
21_p_5,GTCTGTCGTGTGCTCTGCACATGTTGGTAT,43.25
22_p_5,GCACACGACAGACGACGCCACGCGTGGAGG,60.71
23_p_5,CACGACAGACGACGCCACGCGTGGAGGGGT,44.99
24_p_5,GATTTAGTCAGTAAATCGACTCAATGGTGG,42.92
25_p_5,AAGGTTCCTGCACTCTTAGCCATACGGAGT,26.43
26_p_5,TGTTCTAGAGTGACTCGTGTACCCTGGATA,62.46
27_p_5,TGGGAATACGGCGGCACGCCTAGAGGGGGC,35.96
28_p_5,ATACTATAAACGCAGCACCCCGGCTGGTTG,45.37
29_p_5,AATTATCGTCAGCATGCAGGTAACAGGGGT,30.04
30_p_5,GAACAGAGCGTTTCGGGCGATTGTTGGCTA,34.74
31_p_5,ACGAGTTACACTTCGCTAGACTGTTGGGCT,39.08
32_p_5,GGCTAGTCCGCCCTAGGCCGTGCTAGGCCG,53.44
33_p_5,ACTTGACTCGGCACCCTCTTGCCGCGGCAC,51.95
34_p_5,CACCTGTAGGTATTTTCCGCGGCAAGGGCC,29.93
35_p_5,CCGCGGCAAGGGCCTCTCGAGCCGCGGAAC,49.75
36_p_5,AGTATCGTCTTATCGCATCTCGTGAGGCTT,45.99
37_p_5,AAGGCCTCCGGTTTGCTCCAGTTCGGGCTA,36.89
38_p_5,CAAAATCGTGTTTAGGTCTAAAACCGGACG,29.04
39_p_5,AACCGGACGGCTGGCCAAACAATCCGGAAA,27.39
40_p_5,ATATTGGTTGTTCCGCGGCTCGAGAGGCCC,31.83
41_p_5,CTAAACGCGGCCTAGCACGGCCTAGGGCGG,42.51
42_p_5,AACGCGGCCTAGCACGGCCTAGGGCGGACT,37.11
43_p_5,GCACGGCCTAGGGCGGACTAGCCGAGGAAA,40.30
44_p_5,ACCTATAAGGCCTGGGTATACATCGGGGTG,48.42
45_p_5,CCTATAAGGCCTGGGTATACATCGGGGTGT,79.17
46_p_5,GTGCGTCGCTGTCACGGGATCACGTGGTGC,62.06
47_p_5,GTAACTAACCTCAAGTGAGGGGAATGGGTC,34.40
